industry,factor,coefficient_code,coefficient_name,input_parameter,input_unit,value,unit,result_unit,source,reference,methodology_version,conditions,effective_from,effective_to,active,verified,verified_by,verified_on,notes
All,Carbon,GRID_ELECTRICITY_CO2,Grid electricity CO2 emission factor,electricity_consumption,MWh/year,0.71,t CO2/MWh,t CO2/year,CEA CO2 Baseline Database for the Indian Power Sector,Weighted average emission rate table (record table no.),CEA version used,,,,TRUE,FALSE,,,EXAMPLE VALUE - replace with the value printed in the source. Purchased electricity (Scope 2). CEA revises this regularly - use one version per assessment.
All,Carbon,COAL_COMBUSTION_CO2,Coal combustion CO2 factor,coal_consumption,t/year,1.9,t CO2/t coal,t CO2/year,IPCC 2006 Guidelines for National GHG Inventories,"Vol. 2 (Energy), Ch. 2, Table 2.2",IPCC 2006,"{""coal_grade"": """"}",,,TRUE,FALSE,,,EXAMPLE VALUE - replace with the value printed in the source. IPCC gives t CO2 per TJ. Multiply by the coal's net calorific value (TJ/t) from the fuel test certificate and record both numbers here.
All,Carbon,DIESEL_COMBUSTION_CO2,Diesel combustion CO2 factor,diesel_consumption,kL/year,2.7,t CO2/kL,t CO2/year,IPCC 2006 Guidelines for National GHG Inventories,"Vol. 2 (Energy), Ch. 2, Table 2.2 (Gas/Diesel Oil)",IPCC 2006,,,,TRUE,FALSE,,,EXAMPLE VALUE - replace with the value printed in the source. Convert the per-TJ factor to per kL using density (t/kL) and net calorific value (TJ/t).
All,Carbon,NATURAL_GAS_COMBUSTION_CO2,Natural gas combustion CO2 factor,natural_gas_consumption,Sm³/year,0.0019,t CO2/Sm³,t CO2/year,IPCC 2006 Guidelines for National GHG Inventories,"Vol. 2 (Energy), Ch. 2, Table 2.2 (Natural Gas)",IPCC 2006,,,,TRUE,FALSE,,,EXAMPLE VALUE - replace with the value printed in the source. Net calorific value per Sm³ comes from the gas supplier's invoice or certificate.
All,Carbon,PETROL_COMBUSTION_CO2,Petrol combustion CO2 factor,petrol_consumption,kL/year,2.3,t CO2/kL,t CO2/year,IPCC 2006 Guidelines for National GHG Inventories,"Vol. 2 (Energy), Ch. 2, Table 2.2 (Motor Gasoline)",IPCC 2006,,,,TRUE,FALSE,,,EXAMPLE VALUE - replace with the value printed in the source.
All,Carbon,FUEL_OIL_COMBUSTION_CO2,Fuel oil combustion CO2 factor,fuel_oil_consumption,kL/year,3.0,t CO2/kL,t CO2/year,IPCC 2006 Guidelines for National GHG Inventories,"Vol. 2 (Energy), Ch. 2, Table 2.2 (Residual Fuel Oil)",IPCC 2006,,,,TRUE,FALSE,,,EXAMPLE VALUE - replace with the value printed in the source.
Cement,Carbon,CEMENT_PROCESS_CO2,Cement process (calcination) CO2 factor,clinker_production,t/year,0.52,t CO2/t clinker,t CO2/year,"GCCA/WBCSD Cement CO2 and Energy Protocol, or IPCC 2006 Vol. 3 Ch. 2",,,,,,TRUE,FALSE,,,"EXAMPLE VALUE - replace with the value printed in the source. Per tonne of CLINKER, not cement. clinker_production is not an assessment input yet - see README."
Cement,Water,CEMENT_WATER_USE,Water use per tonne of cement,annual_production,t/year,0.3,m³/t cement,m³/year,"Plant water audit, EC compliance report or industry benchmark",,,,,,TRUE,FALSE,,,"EXAMPLE VALUE - replace with the value printed in the source. Prefer the plant's own metered data; use a benchmark only when none exists, and say so."
Cement,Waste,CEMENT_WASTE_GENERATION,Solid waste per tonne of cement,annual_production,t/year,0.01,t waste/t cement,t/year,Plant records or industry benchmark,,,"{""waste_type"": """"}",,,TRUE,FALSE,,,EXAMPLE VALUE - replace with the value printed in the source. Split hazardous and non-hazardous if the source allows.
Cement,Air,CEMENT_PM10_EMISSION,PM10 emission per tonne of cement,annual_production,t/year,0.0001,t PM10/t cement,t PM10/year,USEPA AP-42,Ch. 11.6 Portland Cement Manufacturing (record table no.),,"{""control_equipment"": """"}",,,TRUE,FALSE,,,"EXAMPLE VALUE - replace with the value printed in the source. Depends heavily on dust controls (bag filters, ESPs) - record them in conditions."
