category,parameter_name,display_name,standard_name,zone,averaging_period,limit_type,limit_value,unit,authority,reference,effective_from,effective_to,active,verified,verified_by,verified_on,notes
Air,so2,Sulphur Dioxide (SO2),NAAQS 2009,"Industrial, Residential, Rural and Other Area",Annual,maximum,50,ug/m3,CPCB,"CPCB Notification No. B-29016/20/90/PCI-L, New Delhi, 18 November 2009, National Ambient Air Quality Standards (in supersession of S.O. 384(E) dated 11.04.1994 and S.O. 935(E) dated 14.10.1998)",2009-11-18,,TRUE,FALSE,,,"Annual arithmetic mean of a minimum of 104 measurements in a year at a particular site, taken twice a week 24-hourly at uniform intervals."
Air,so2,Sulphur Dioxide (SO2),NAAQS 2009,Ecologically Sensitive Area,Annual,maximum,20,ug/m3,CPCB,"CPCB Notification No. B-29016/20/90/PCI-L, New Delhi, 18 November 2009, National Ambient Air Quality Standards (in supersession of S.O. 384(E) dated 11.04.1994 and S.O. 935(E) dated 14.10.1998)",2009-11-18,,TRUE,FALSE,,,"Annual arithmetic mean of a minimum of 104 measurements in a year at a particular site, taken twice a week 24-hourly at uniform intervals."
Air,so2,Sulphur Dioxide (SO2),NAAQS 2009,"Industrial, Residential, Rural and Other Area",24 hours,maximum,80,ug/m3,CPCB,"CPCB Notification No. B-29016/20/90/PCI-L, New Delhi, 18 November 2009, National Ambient Air Quality Standards (in supersession of S.O. 384(E) dated 11.04.1994 and S.O. 935(E) dated 14.10.1998)",2009-11-18,,TRUE,FALSE,,,24-hourly / 8-hourly / 1-hourly values shall be complied with 98% of the time in a year; 2% of the time they may exceed the limit but not on two consecutive days of monitoring.
Air,so2,Sulphur Dioxide (SO2),NAAQS 2009,Ecologically Sensitive Area,24 hours,maximum,80,ug/m3,CPCB,"CPCB Notification No. B-29016/20/90/PCI-L, New Delhi, 18 November 2009, National Ambient Air Quality Standards (in supersession of S.O. 384(E) dated 11.04.1994 and S.O. 935(E) dated 14.10.1998)",2009-11-18,,TRUE,FALSE,,,24-hourly / 8-hourly / 1-hourly values shall be complied with 98% of the time in a year; 2% of the time they may exceed the limit but not on two consecutive days of monitoring.
Air,no2,Nitrogen Dioxide (NO2),NAAQS 2009,"Industrial, Residential, Rural and Other Area",Annual,maximum,40,ug/m3,CPCB,"CPCB Notification No. B-29016/20/90/PCI-L, New Delhi, 18 November 2009, National Ambient Air Quality Standards (in supersession of S.O. 384(E) dated 11.04.1994 and S.O. 935(E) dated 14.10.1998)",2009-11-18,,TRUE,FALSE,,,"Annual arithmetic mean of a minimum of 104 measurements in a year at a particular site, taken twice a week 24-hourly at uniform intervals."
Air,no2,Nitrogen Dioxide (NO2),NAAQS 2009,Ecologically Sensitive Area,Annual,maximum,30,ug/m3,CPCB,"CPCB Notification No. B-29016/20/90/PCI-L, New Delhi, 18 November 2009, National Ambient Air Quality Standards (in supersession of S.O. 384(E) dated 11.04.1994 and S.O. 935(E) dated 14.10.1998)",2009-11-18,,TRUE,FALSE,,,"Annual arithmetic mean of a minimum of 104 measurements in a year at a particular site, taken twice a week 24-hourly at uniform intervals."
Air,no2,Nitrogen Dioxide (NO2),NAAQS 2009,"Industrial, Residential, Rural and Other Area",24 hours,maximum,80,ug/m3,CPCB,"CPCB Notification No. B-29016/20/90/PCI-L, New Delhi, 18 November 2009, National Ambient Air Quality Standards (in supersession of S.O. 384(E) dated 11.04.1994 and S.O. 935(E) dated 14.10.1998)",2009-11-18,,TRUE,FALSE,,,24-hourly / 8-hourly / 1-hourly values shall be complied with 98% of the time in a year; 2% of the time they may exceed the limit but not on two consecutive days of monitoring.
Air,no2,Nitrogen Dioxide (NO2),NAAQS 2009,Ecologically Sensitive Area,24 hours,maximum,80,ug/m3,CPCB,"CPCB Notification No. B-29016/20/90/PCI-L, New Delhi, 18 November 2009, National Ambient Air Quality Standards (in supersession of S.O. 384(E) dated 11.04.1994 and S.O. 935(E) dated 14.10.1998)",2009-11-18,,TRUE,FALSE,,,24-hourly / 8-hourly / 1-hourly values shall be complied with 98% of the time in a year; 2% of the time they may exceed the limit but not on two consecutive days of monitoring.
Air,pm10,PM10,NAAQS 2009,"Industrial, Residential, Rural and Other Area",Annual,maximum,60,ug/m3,CPCB,"CPCB Notification No. B-29016/20/90/PCI-L, New Delhi, 18 November 2009, National Ambient Air Quality Standards (in supersession of S.O. 384(E) dated 11.04.1994 and S.O. 935(E) dated 14.10.1998)",2009-11-18,,TRUE,FALSE,,,"Annual arithmetic mean of a minimum of 104 measurements in a year at a particular site, taken twice a week 24-hourly at uniform intervals."
Air,pm10,PM10,NAAQS 2009,Ecologically Sensitive Area,Annual,maximum,60,ug/m3,CPCB,"CPCB Notification No. B-29016/20/90/PCI-L, New Delhi, 18 November 2009, National Ambient Air Quality Standards (in supersession of S.O. 384(E) dated 11.04.1994 and S.O. 935(E) dated 14.10.1998)",2009-11-18,,TRUE,FALSE,,,"Annual arithmetic mean of a minimum of 104 measurements in a year at a particular site, taken twice a week 24-hourly at uniform intervals."
Air,pm10,PM10,NAAQS 2009,"Industrial, Residential, Rural and Other Area",24 hours,maximum,100,ug/m3,CPCB,"CPCB Notification No. B-29016/20/90/PCI-L, New Delhi, 18 November 2009, National Ambient Air Quality Standards (in supersession of S.O. 384(E) dated 11.04.1994 and S.O. 935(E) dated 14.10.1998)",2009-11-18,,TRUE,FALSE,,,24-hourly / 8-hourly / 1-hourly values shall be complied with 98% of the time in a year; 2% of the time they may exceed the limit but not on two consecutive days of monitoring.
Air,pm10,PM10,NAAQS 2009,Ecologically Sensitive Area,24 hours,maximum,100,ug/m3,CPCB,"CPCB Notification No. B-29016/20/90/PCI-L, New Delhi, 18 November 2009, National Ambient Air Quality Standards (in supersession of S.O. 384(E) dated 11.04.1994 and S.O. 935(E) dated 14.10.1998)",2009-11-18,,TRUE,FALSE,,,24-hourly / 8-hourly / 1-hourly values shall be complied with 98% of the time in a year; 2% of the time they may exceed the limit but not on two consecutive days of monitoring.
Air,pm25,PM2.5,NAAQS 2009,"Industrial, Residential, Rural and Other Area",Annual,maximum,40,ug/m3,CPCB,"CPCB Notification No. B-29016/20/90/PCI-L, New Delhi, 18 November 2009, National Ambient Air Quality Standards (in supersession of S.O. 384(E) dated 11.04.1994 and S.O. 935(E) dated 14.10.1998)",2009-11-18,,TRUE,FALSE,,,"Annual arithmetic mean of a minimum of 104 measurements in a year at a particular site, taken twice a week 24-hourly at uniform intervals."
Air,pm25,PM2.5,NAAQS 2009,Ecologically Sensitive Area,Annual,maximum,40,ug/m3,CPCB,"CPCB Notification No. B-29016/20/90/PCI-L, New Delhi, 18 November 2009, National Ambient Air Quality Standards (in supersession of S.O. 384(E) dated 11.04.1994 and S.O. 935(E) dated 14.10.1998)",2009-11-18,,TRUE,FALSE,,,"Annual arithmetic mean of a minimum of 104 measurements in a year at a particular site, taken twice a week 24-hourly at uniform intervals."
Air,pm25,PM2.5,NAAQS 2009,"Industrial, Residential, Rural and Other Area",24 hours,maximum,60,ug/m3,CPCB,"CPCB Notification No. B-29016/20/90/PCI-L, New Delhi, 18 November 2009, National Ambient Air Quality Standards (in supersession of S.O. 384(E) dated 11.04.1994 and S.O. 935(E) dated 14.10.1998)",2009-11-18,,TRUE,FALSE,,,24-hourly / 8-hourly / 1-hourly values shall be complied with 98% of the time in a year; 2% of the time they may exceed the limit but not on two consecutive days of monitoring.
Air,pm25,PM2.5,NAAQS 2009,Ecologically Sensitive Area,24 hours,maximum,60,ug/m3,CPCB,"CPCB Notification No. B-29016/20/90/PCI-L, New Delhi, 18 November 2009, National Ambient Air Quality Standards (in supersession of S.O. 384(E) dated 11.04.1994 and S.O. 935(E) dated 14.10.1998)",2009-11-18,,TRUE,FALSE,,,24-hourly / 8-hourly / 1-hourly values shall be complied with 98% of the time in a year; 2% of the time they may exceed the limit but not on two consecutive days of monitoring.
Air,o3,Ozone (O3),NAAQS 2009,"Industrial, Residential, Rural and Other Area",8 hours,maximum,100,ug/m3,CPCB,"CPCB Notification No. B-29016/20/90/PCI-L, New Delhi, 18 November 2009, National Ambient Air Quality Standards (in supersession of S.O. 384(E) dated 11.04.1994 and S.O. 935(E) dated 14.10.1998)",2009-11-18,,TRUE,FALSE,,,24-hourly / 8-hourly / 1-hourly values shall be complied with 98% of the time in a year; 2% of the time they may exceed the limit but not on two consecutive days of monitoring.
Air,o3,Ozone (O3),NAAQS 2009,Ecologically Sensitive Area,8 hours,maximum,100,ug/m3,CPCB,"CPCB Notification No. B-29016/20/90/PCI-L, New Delhi, 18 November 2009, National Ambient Air Quality Standards (in supersession of S.O. 384(E) dated 11.04.1994 and S.O. 935(E) dated 14.10.1998)",2009-11-18,,TRUE,FALSE,,,24-hourly / 8-hourly / 1-hourly values shall be complied with 98% of the time in a year; 2% of the time they may exceed the limit but not on two consecutive days of monitoring.
Air,o3,Ozone (O3),NAAQS 2009,"Industrial, Residential, Rural and Other Area",1 hour,maximum,180,ug/m3,CPCB,"CPCB Notification No. B-29016/20/90/PCI-L, New Delhi, 18 November 2009, National Ambient Air Quality Standards (in supersession of S.O. 384(E) dated 11.04.1994 and S.O. 935(E) dated 14.10.1998)",2009-11-18,,TRUE,FALSE,,,24-hourly / 8-hourly / 1-hourly values shall be complied with 98% of the time in a year; 2% of the time they may exceed the limit but not on two consecutive days of monitoring.
Air,o3,Ozone (O3),NAAQS 2009,Ecologically Sensitive Area,1 hour,maximum,180,ug/m3,CPCB,"CPCB Notification No. B-29016/20/90/PCI-L, New Delhi, 18 November 2009, National Ambient Air Quality Standards (in supersession of S.O. 384(E) dated 11.04.1994 and S.O. 935(E) dated 14.10.1998)",2009-11-18,,TRUE,FALSE,,,24-hourly / 8-hourly / 1-hourly values shall be complied with 98% of the time in a year; 2% of the time they may exceed the limit but not on two consecutive days of monitoring.
Air,lead,Lead (Pb),NAAQS 2009,"Industrial, Residential, Rural and Other Area",Annual,maximum,0.5,ug/m3,CPCB,"CPCB Notification No. B-29016/20/90/PCI-L, New Delhi, 18 November 2009, National Ambient Air Quality Standards (in supersession of S.O. 384(E) dated 11.04.1994 and S.O. 935(E) dated 14.10.1998)",2009-11-18,,TRUE,FALSE,,,"Annual arithmetic mean of a minimum of 104 measurements in a year at a particular site, taken twice a week 24-hourly at uniform intervals."
Air,lead,Lead (Pb),NAAQS 2009,Ecologically Sensitive Area,Annual,maximum,0.5,ug/m3,CPCB,"CPCB Notification No. B-29016/20/90/PCI-L, New Delhi, 18 November 2009, National Ambient Air Quality Standards (in supersession of S.O. 384(E) dated 11.04.1994 and S.O. 935(E) dated 14.10.1998)",2009-11-18,,TRUE,FALSE,,,"Annual arithmetic mean of a minimum of 104 measurements in a year at a particular site, taken twice a week 24-hourly at uniform intervals."
Air,lead,Lead (Pb),NAAQS 2009,"Industrial, Residential, Rural and Other Area",24 hours,maximum,1,ug/m3,CPCB,"CPCB Notification No. B-29016/20/90/PCI-L, New Delhi, 18 November 2009, National Ambient Air Quality Standards (in supersession of S.O. 384(E) dated 11.04.1994 and S.O. 935(E) dated 14.10.1998)",2009-11-18,,TRUE,FALSE,,,24-hourly / 8-hourly / 1-hourly values shall be complied with 98% of the time in a year; 2% of the time they may exceed the limit but not on two consecutive days of monitoring.
Air,lead,Lead (Pb),NAAQS 2009,Ecologically Sensitive Area,24 hours,maximum,1,ug/m3,CPCB,"CPCB Notification No. B-29016/20/90/PCI-L, New Delhi, 18 November 2009, National Ambient Air Quality Standards (in supersession of S.O. 384(E) dated 11.04.1994 and S.O. 935(E) dated 14.10.1998)",2009-11-18,,TRUE,FALSE,,,24-hourly / 8-hourly / 1-hourly values shall be complied with 98% of the time in a year; 2% of the time they may exceed the limit but not on two consecutive days of monitoring.
Air,co,Carbon Monoxide (CO),NAAQS 2009,"Industrial, Residential, Rural and Other Area",8 hours,maximum,2,mg/m3,CPCB,"CPCB Notification No. B-29016/20/90/PCI-L, New Delhi, 18 November 2009, National Ambient Air Quality Standards (in supersession of S.O. 384(E) dated 11.04.1994 and S.O. 935(E) dated 14.10.1998)",2009-11-18,,TRUE,FALSE,,,24-hourly / 8-hourly / 1-hourly values shall be complied with 98% of the time in a year; 2% of the time they may exceed the limit but not on two consecutive days of monitoring.
Air,co,Carbon Monoxide (CO),NAAQS 2009,Ecologically Sensitive Area,8 hours,maximum,2,mg/m3,CPCB,"CPCB Notification No. B-29016/20/90/PCI-L, New Delhi, 18 November 2009, National Ambient Air Quality Standards (in supersession of S.O. 384(E) dated 11.04.1994 and S.O. 935(E) dated 14.10.1998)",2009-11-18,,TRUE,FALSE,,,24-hourly / 8-hourly / 1-hourly values shall be complied with 98% of the time in a year; 2% of the time they may exceed the limit but not on two consecutive days of monitoring.
Air,co,Carbon Monoxide (CO),NAAQS 2009,"Industrial, Residential, Rural and Other Area",1 hour,maximum,4,mg/m3,CPCB,"CPCB Notification No. B-29016/20/90/PCI-L, New Delhi, 18 November 2009, National Ambient Air Quality Standards (in supersession of S.O. 384(E) dated 11.04.1994 and S.O. 935(E) dated 14.10.1998)",2009-11-18,,TRUE,FALSE,,,24-hourly / 8-hourly / 1-hourly values shall be complied with 98% of the time in a year; 2% of the time they may exceed the limit but not on two consecutive days of monitoring.
Air,co,Carbon Monoxide (CO),NAAQS 2009,Ecologically Sensitive Area,1 hour,maximum,4,mg/m3,CPCB,"CPCB Notification No. B-29016/20/90/PCI-L, New Delhi, 18 November 2009, National Ambient Air Quality Standards (in supersession of S.O. 384(E) dated 11.04.1994 and S.O. 935(E) dated 14.10.1998)",2009-11-18,,TRUE,FALSE,,,24-hourly / 8-hourly / 1-hourly values shall be complied with 98% of the time in a year; 2% of the time they may exceed the limit but not on two consecutive days of monitoring.
Air,nh3,Ammonia (NH3),NAAQS 2009,"Industrial, Residential, Rural and Other Area",Annual,maximum,100,ug/m3,CPCB,"CPCB Notification No. B-29016/20/90/PCI-L, New Delhi, 18 November 2009, National Ambient Air Quality Standards (in supersession of S.O. 384(E) dated 11.04.1994 and S.O. 935(E) dated 14.10.1998)",2009-11-18,,TRUE,FALSE,,,"Annual arithmetic mean of a minimum of 104 measurements in a year at a particular site, taken twice a week 24-hourly at uniform intervals."
Air,nh3,Ammonia (NH3),NAAQS 2009,Ecologically Sensitive Area,Annual,maximum,100,ug/m3,CPCB,"CPCB Notification No. B-29016/20/90/PCI-L, New Delhi, 18 November 2009, National Ambient Air Quality Standards (in supersession of S.O. 384(E) dated 11.04.1994 and S.O. 935(E) dated 14.10.1998)",2009-11-18,,TRUE,FALSE,,,"Annual arithmetic mean of a minimum of 104 measurements in a year at a particular site, taken twice a week 24-hourly at uniform intervals."
Air,nh3,Ammonia (NH3),NAAQS 2009,"Industrial, Residential, Rural and Other Area",24 hours,maximum,400,ug/m3,CPCB,"CPCB Notification No. B-29016/20/90/PCI-L, New Delhi, 18 November 2009, National Ambient Air Quality Standards (in supersession of S.O. 384(E) dated 11.04.1994 and S.O. 935(E) dated 14.10.1998)",2009-11-18,,TRUE,FALSE,,,24-hourly / 8-hourly / 1-hourly values shall be complied with 98% of the time in a year; 2% of the time they may exceed the limit but not on two consecutive days of monitoring.
Air,nh3,Ammonia (NH3),NAAQS 2009,Ecologically Sensitive Area,24 hours,maximum,400,ug/m3,CPCB,"CPCB Notification No. B-29016/20/90/PCI-L, New Delhi, 18 November 2009, National Ambient Air Quality Standards (in supersession of S.O. 384(E) dated 11.04.1994 and S.O. 935(E) dated 14.10.1998)",2009-11-18,,TRUE,FALSE,,,24-hourly / 8-hourly / 1-hourly values shall be complied with 98% of the time in a year; 2% of the time they may exceed the limit but not on two consecutive days of monitoring.
Air,benzene,Benzene (C6H6),NAAQS 2009,"Industrial, Residential, Rural and Other Area",Annual,maximum,5,ug/m3,CPCB,"CPCB Notification No. B-29016/20/90/PCI-L, New Delhi, 18 November 2009, National Ambient Air Quality Standards (in supersession of S.O. 384(E) dated 11.04.1994 and S.O. 935(E) dated 14.10.1998)",2009-11-18,,TRUE,FALSE,,,"Annual arithmetic mean of a minimum of 104 measurements in a year at a particular site, taken twice a week 24-hourly at uniform intervals."
Air,benzene,Benzene (C6H6),NAAQS 2009,Ecologically Sensitive Area,Annual,maximum,5,ug/m3,CPCB,"CPCB Notification No. B-29016/20/90/PCI-L, New Delhi, 18 November 2009, National Ambient Air Quality Standards (in supersession of S.O. 384(E) dated 11.04.1994 and S.O. 935(E) dated 14.10.1998)",2009-11-18,,TRUE,FALSE,,,"Annual arithmetic mean of a minimum of 104 measurements in a year at a particular site, taken twice a week 24-hourly at uniform intervals."
Air,benzo_a_pyrene,Benzo(a)Pyrene,NAAQS 2009,"Industrial, Residential, Rural and Other Area",Annual,maximum,1,ng/m3,CPCB,"CPCB Notification No. B-29016/20/90/PCI-L, New Delhi, 18 November 2009, National Ambient Air Quality Standards (in supersession of S.O. 384(E) dated 11.04.1994 and S.O. 935(E) dated 14.10.1998)",2009-11-18,,TRUE,FALSE,,,"Annual arithmetic mean of a minimum of 104 measurements in a year at a particular site, taken twice a week 24-hourly at uniform intervals."
Air,benzo_a_pyrene,Benzo(a)Pyrene,NAAQS 2009,Ecologically Sensitive Area,Annual,maximum,1,ng/m3,CPCB,"CPCB Notification No. B-29016/20/90/PCI-L, New Delhi, 18 November 2009, National Ambient Air Quality Standards (in supersession of S.O. 384(E) dated 11.04.1994 and S.O. 935(E) dated 14.10.1998)",2009-11-18,,TRUE,FALSE,,,"Annual arithmetic mean of a minimum of 104 measurements in a year at a particular site, taken twice a week 24-hourly at uniform intervals."
Air,arsenic,Arsenic (As),NAAQS 2009,"Industrial, Residential, Rural and Other Area",Annual,maximum,6,ng/m3,CPCB,"CPCB Notification No. B-29016/20/90/PCI-L, New Delhi, 18 November 2009, National Ambient Air Quality Standards (in supersession of S.O. 384(E) dated 11.04.1994 and S.O. 935(E) dated 14.10.1998)",2009-11-18,,TRUE,FALSE,,,"Annual arithmetic mean of a minimum of 104 measurements in a year at a particular site, taken twice a week 24-hourly at uniform intervals."
Air,arsenic,Arsenic (As),NAAQS 2009,Ecologically Sensitive Area,Annual,maximum,6,ng/m3,CPCB,"CPCB Notification No. B-29016/20/90/PCI-L, New Delhi, 18 November 2009, National Ambient Air Quality Standards (in supersession of S.O. 384(E) dated 11.04.1994 and S.O. 935(E) dated 14.10.1998)",2009-11-18,,TRUE,FALSE,,,"Annual arithmetic mean of a minimum of 104 measurements in a year at a particular site, taken twice a week 24-hourly at uniform intervals."
Air,nickel,Nickel (Ni),NAAQS 2009,"Industrial, Residential, Rural and Other Area",Annual,maximum,20,ng/m3,CPCB,"CPCB Notification No. B-29016/20/90/PCI-L, New Delhi, 18 November 2009, National Ambient Air Quality Standards (in supersession of S.O. 384(E) dated 11.04.1994 and S.O. 935(E) dated 14.10.1998)",2009-11-18,,TRUE,FALSE,,,"Annual arithmetic mean of a minimum of 104 measurements in a year at a particular site, taken twice a week 24-hourly at uniform intervals."
Air,nickel,Nickel (Ni),NAAQS 2009,Ecologically Sensitive Area,Annual,maximum,20,ng/m3,CPCB,"CPCB Notification No. B-29016/20/90/PCI-L, New Delhi, 18 November 2009, National Ambient Air Quality Standards (in supersession of S.O. 384(E) dated 11.04.1994 and S.O. 935(E) dated 14.10.1998)",2009-11-18,,TRUE,FALSE,,,"Annual arithmetic mean of a minimum of 104 measurements in a year at a particular site, taken twice a week 24-hourly at uniform intervals."
Water,total_coliform,Total coliform organisms,CPCB Designated Best Use,Class A - Drinking water source without conventional treatment but after disinfection,Not applicable,maximum,50,MPN/100ml,CPCB,"CPCB, Designated Best Use Water Quality Criteria (cpcb.gov.in/wqm/Designated_Best_Use_Water_Quality_Criteria.pdf)",,,TRUE,FALSE,,,"Primary water quality criterion for this designated best use; it is a criterion for the receiving water body, not an effluent discharge limit."
Water,ph,pH,CPCB Designated Best Use,Class A - Drinking water source without conventional treatment but after disinfection,Not applicable,minimum,6.5,pH,CPCB,"CPCB, Designated Best Use Water Quality Criteria (cpcb.gov.in/wqm/Designated_Best_Use_Water_Quality_Criteria.pdf)",,,TRUE,FALSE,,,"Primary water quality criterion for this designated best use; it is a criterion for the receiving water body, not an effluent discharge limit."
Water,ph,pH,CPCB Designated Best Use,Class A - Drinking water source without conventional treatment but after disinfection,Not applicable,maximum,8.5,pH,CPCB,"CPCB, Designated Best Use Water Quality Criteria (cpcb.gov.in/wqm/Designated_Best_Use_Water_Quality_Criteria.pdf)",,,TRUE,FALSE,,,"Primary water quality criterion for this designated best use; it is a criterion for the receiving water body, not an effluent discharge limit."
Water,do,Dissolved oxygen,CPCB Designated Best Use,Class A - Drinking water source without conventional treatment but after disinfection,Not applicable,minimum,6,mg/l,CPCB,"CPCB, Designated Best Use Water Quality Criteria (cpcb.gov.in/wqm/Designated_Best_Use_Water_Quality_Criteria.pdf)",,,TRUE,FALSE,,,"Primary water quality criterion for this designated best use; it is a criterion for the receiving water body, not an effluent discharge limit."
Water,bod,"BOD (5 days, 20 C)",CPCB Designated Best Use,Class A - Drinking water source without conventional treatment but after disinfection,Not applicable,maximum,2,mg/l,CPCB,"CPCB, Designated Best Use Water Quality Criteria (cpcb.gov.in/wqm/Designated_Best_Use_Water_Quality_Criteria.pdf)",,,TRUE,FALSE,,,"Primary water quality criterion for this designated best use; it is a criterion for the receiving water body, not an effluent discharge limit."
Water,total_coliform,Total coliform organisms,CPCB Designated Best Use,Class B - Outdoor bathing (organised),Not applicable,maximum,500,MPN/100ml,CPCB,"CPCB, Designated Best Use Water Quality Criteria (cpcb.gov.in/wqm/Designated_Best_Use_Water_Quality_Criteria.pdf)",,,TRUE,FALSE,,,"Primary water quality criterion for this designated best use; it is a criterion for the receiving water body, not an effluent discharge limit."
Water,ph,pH,CPCB Designated Best Use,Class B - Outdoor bathing (organised),Not applicable,minimum,6.5,pH,CPCB,"CPCB, Designated Best Use Water Quality Criteria (cpcb.gov.in/wqm/Designated_Best_Use_Water_Quality_Criteria.pdf)",,,TRUE,FALSE,,,"Primary water quality criterion for this designated best use; it is a criterion for the receiving water body, not an effluent discharge limit."
Water,ph,pH,CPCB Designated Best Use,Class B - Outdoor bathing (organised),Not applicable,maximum,8.5,pH,CPCB,"CPCB, Designated Best Use Water Quality Criteria (cpcb.gov.in/wqm/Designated_Best_Use_Water_Quality_Criteria.pdf)",,,TRUE,FALSE,,,"Primary water quality criterion for this designated best use; it is a criterion for the receiving water body, not an effluent discharge limit."
Water,do,Dissolved oxygen,CPCB Designated Best Use,Class B - Outdoor bathing (organised),Not applicable,minimum,5,mg/l,CPCB,"CPCB, Designated Best Use Water Quality Criteria (cpcb.gov.in/wqm/Designated_Best_Use_Water_Quality_Criteria.pdf)",,,TRUE,FALSE,,,"Primary water quality criterion for this designated best use; it is a criterion for the receiving water body, not an effluent discharge limit."
Water,bod,"BOD (5 days, 20 C)",CPCB Designated Best Use,Class B - Outdoor bathing (organised),Not applicable,maximum,3,mg/l,CPCB,"CPCB, Designated Best Use Water Quality Criteria (cpcb.gov.in/wqm/Designated_Best_Use_Water_Quality_Criteria.pdf)",,,TRUE,FALSE,,,"Primary water quality criterion for this designated best use; it is a criterion for the receiving water body, not an effluent discharge limit."
Water,total_coliform,Total coliform organisms,CPCB Designated Best Use,Class C - Drinking water source after conventional treatment and disinfection,Not applicable,maximum,5000,MPN/100ml,CPCB,"CPCB, Designated Best Use Water Quality Criteria (cpcb.gov.in/wqm/Designated_Best_Use_Water_Quality_Criteria.pdf)",,,TRUE,FALSE,,,"Primary water quality criterion for this designated best use; it is a criterion for the receiving water body, not an effluent discharge limit."
Water,ph,pH,CPCB Designated Best Use,Class C - Drinking water source after conventional treatment and disinfection,Not applicable,minimum,6,pH,CPCB,"CPCB, Designated Best Use Water Quality Criteria (cpcb.gov.in/wqm/Designated_Best_Use_Water_Quality_Criteria.pdf)",,,TRUE,FALSE,,,"Primary water quality criterion for this designated best use; it is a criterion for the receiving water body, not an effluent discharge limit."
Water,ph,pH,CPCB Designated Best Use,Class C - Drinking water source after conventional treatment and disinfection,Not applicable,maximum,9,pH,CPCB,"CPCB, Designated Best Use Water Quality Criteria (cpcb.gov.in/wqm/Designated_Best_Use_Water_Quality_Criteria.pdf)",,,TRUE,FALSE,,,"Primary water quality criterion for this designated best use; it is a criterion for the receiving water body, not an effluent discharge limit."
Water,do,Dissolved oxygen,CPCB Designated Best Use,Class C - Drinking water source after conventional treatment and disinfection,Not applicable,minimum,4,mg/l,CPCB,"CPCB, Designated Best Use Water Quality Criteria (cpcb.gov.in/wqm/Designated_Best_Use_Water_Quality_Criteria.pdf)",,,TRUE,FALSE,,,"Primary water quality criterion for this designated best use; it is a criterion for the receiving water body, not an effluent discharge limit."
Water,bod,"BOD (5 days, 20 C)",CPCB Designated Best Use,Class C - Drinking water source after conventional treatment and disinfection,Not applicable,maximum,3,mg/l,CPCB,"CPCB, Designated Best Use Water Quality Criteria (cpcb.gov.in/wqm/Designated_Best_Use_Water_Quality_Criteria.pdf)",,,TRUE,FALSE,,,"Primary water quality criterion for this designated best use; it is a criterion for the receiving water body, not an effluent discharge limit."
Water,ph,pH,CPCB Designated Best Use,Class D - Propagation of wildlife and fisheries,Not applicable,minimum,6.5,pH,CPCB,"CPCB, Designated Best Use Water Quality Criteria (cpcb.gov.in/wqm/Designated_Best_Use_Water_Quality_Criteria.pdf)",,,TRUE,FALSE,,,"Primary water quality criterion for this designated best use; it is a criterion for the receiving water body, not an effluent discharge limit."
Water,ph,pH,CPCB Designated Best Use,Class D - Propagation of wildlife and fisheries,Not applicable,maximum,8.5,pH,CPCB,"CPCB, Designated Best Use Water Quality Criteria (cpcb.gov.in/wqm/Designated_Best_Use_Water_Quality_Criteria.pdf)",,,TRUE,FALSE,,,"Primary water quality criterion for this designated best use; it is a criterion for the receiving water body, not an effluent discharge limit."
Water,do,Dissolved oxygen,CPCB Designated Best Use,Class D - Propagation of wildlife and fisheries,Not applicable,minimum,4,mg/l,CPCB,"CPCB, Designated Best Use Water Quality Criteria (cpcb.gov.in/wqm/Designated_Best_Use_Water_Quality_Criteria.pdf)",,,TRUE,FALSE,,,"Primary water quality criterion for this designated best use; it is a criterion for the receiving water body, not an effluent discharge limit."
Water,free_ammonia,Free ammonia (as N),CPCB Designated Best Use,Class D - Propagation of wildlife and fisheries,Not applicable,maximum,1.2,mg/l,CPCB,"CPCB, Designated Best Use Water Quality Criteria (cpcb.gov.in/wqm/Designated_Best_Use_Water_Quality_Criteria.pdf)",,,TRUE,FALSE,,,"Primary water quality criterion for this designated best use; it is a criterion for the receiving water body, not an effluent discharge limit."
Water,ph,pH,CPCB Designated Best Use,"Class E - Irrigation, industrial cooling, controlled waste disposal",Not applicable,minimum,6,pH,CPCB,"CPCB, Designated Best Use Water Quality Criteria (cpcb.gov.in/wqm/Designated_Best_Use_Water_Quality_Criteria.pdf)",,,TRUE,FALSE,,,"Primary water quality criterion for this designated best use; it is a criterion for the receiving water body, not an effluent discharge limit."
Water,ph,pH,CPCB Designated Best Use,"Class E - Irrigation, industrial cooling, controlled waste disposal",Not applicable,maximum,8.5,pH,CPCB,"CPCB, Designated Best Use Water Quality Criteria (cpcb.gov.in/wqm/Designated_Best_Use_Water_Quality_Criteria.pdf)",,,TRUE,FALSE,,,"Primary water quality criterion for this designated best use; it is a criterion for the receiving water body, not an effluent discharge limit."
Water,electrical_conductivity,Electrical conductivity at 25 C,CPCB Designated Best Use,"Class E - Irrigation, industrial cooling, controlled waste disposal",Not applicable,maximum,2250,micromhos/cm,CPCB,"CPCB, Designated Best Use Water Quality Criteria (cpcb.gov.in/wqm/Designated_Best_Use_Water_Quality_Criteria.pdf)",,,TRUE,FALSE,,,"Primary water quality criterion for this designated best use; it is a criterion for the receiving water body, not an effluent discharge limit."
Water,sodium_absorption_ratio,Sodium absorption ratio,CPCB Designated Best Use,"Class E - Irrigation, industrial cooling, controlled waste disposal",Not applicable,maximum,26,ratio,CPCB,"CPCB, Designated Best Use Water Quality Criteria (cpcb.gov.in/wqm/Designated_Best_Use_Water_Quality_Criteria.pdf)",,,TRUE,FALSE,,,"Primary water quality criterion for this designated best use; it is a criterion for the receiving water body, not an effluent discharge limit."
Water,boron,Boron,CPCB Designated Best Use,"Class E - Irrigation, industrial cooling, controlled waste disposal",Not applicable,maximum,2,mg/l,CPCB,"CPCB, Designated Best Use Water Quality Criteria (cpcb.gov.in/wqm/Designated_Best_Use_Water_Quality_Criteria.pdf)",,,TRUE,FALSE,,,"Primary water quality criterion for this designated best use; it is a criterion for the receiving water body, not an effluent discharge limit."
Water,suspended_solids,Suspended solids,EP Rules 1986 Schedule VI,Effluent discharge - Inland surface water,Not applicable,maximum,100,mg/l,MoEFCC,"Environment (Protection) Rules, 1986, Schedule VI, Part-A: Effluents (inserted by G.S.R. 422(E) dated 19.05.1993; BOD basis substituted by G.S.R. 176 dated 02.04.1996)",1993-05-19,,TRUE,FALSE,,,"Marine column: 100 for process waste water; for cooling water effluent, 10 percent above the total suspended matter of the influent."
Water,suspended_solids,Suspended solids,EP Rules 1986 Schedule VI,Effluent discharge - Public sewers,Not applicable,maximum,600,mg/l,MoEFCC,"Environment (Protection) Rules, 1986, Schedule VI, Part-A: Effluents (inserted by G.S.R. 422(E) dated 19.05.1993; BOD basis substituted by G.S.R. 176 dated 02.04.1996)",1993-05-19,,TRUE,FALSE,,,"Marine column: 100 for process waste water; for cooling water effluent, 10 percent above the total suspended matter of the influent."
Water,suspended_solids,Suspended solids,EP Rules 1986 Schedule VI,Effluent discharge - Land for irrigation,Not applicable,maximum,200,mg/l,MoEFCC,"Environment (Protection) Rules, 1986, Schedule VI, Part-A: Effluents (inserted by G.S.R. 422(E) dated 19.05.1993; BOD basis substituted by G.S.R. 176 dated 02.04.1996)",1993-05-19,,TRUE,FALSE,,,"Marine column: 100 for process waste water; for cooling water effluent, 10 percent above the total suspended matter of the influent."
Water,suspended_solids,Suspended solids,EP Rules 1986 Schedule VI,Effluent discharge - Marine coastal areas,Not applicable,maximum,100,mg/l,MoEFCC,"Environment (Protection) Rules, 1986, Schedule VI, Part-A: Effluents (inserted by G.S.R. 422(E) dated 19.05.1993; BOD basis substituted by G.S.R. 176 dated 02.04.1996)",1993-05-19,,TRUE,FALSE,,,"Marine column: 100 for process waste water; for cooling water effluent, 10 percent above the total suspended matter of the influent."
Water,ph,pH,EP Rules 1986 Schedule VI,Effluent discharge - Inland surface water,Not applicable,minimum,5.5,pH,MoEFCC,"Environment (Protection) Rules, 1986, Schedule VI, Part-A: Effluents (inserted by G.S.R. 422(E) dated 19.05.1993; BOD basis substituted by G.S.R. 176 dated 02.04.1996)",1993-05-19,,TRUE,FALSE,,,
Water,ph,pH,EP Rules 1986 Schedule VI,Effluent discharge - Public sewers,Not applicable,minimum,5.5,pH,MoEFCC,"Environment (Protection) Rules, 1986, Schedule VI, Part-A: Effluents (inserted by G.S.R. 422(E) dated 19.05.1993; BOD basis substituted by G.S.R. 176 dated 02.04.1996)",1993-05-19,,TRUE,FALSE,,,
Water,ph,pH,EP Rules 1986 Schedule VI,Effluent discharge - Land for irrigation,Not applicable,minimum,5.5,pH,MoEFCC,"Environment (Protection) Rules, 1986, Schedule VI, Part-A: Effluents (inserted by G.S.R. 422(E) dated 19.05.1993; BOD basis substituted by G.S.R. 176 dated 02.04.1996)",1993-05-19,,TRUE,FALSE,,,
Water,ph,pH,EP Rules 1986 Schedule VI,Effluent discharge - Marine coastal areas,Not applicable,minimum,5.5,pH,MoEFCC,"Environment (Protection) Rules, 1986, Schedule VI, Part-A: Effluents (inserted by G.S.R. 422(E) dated 19.05.1993; BOD basis substituted by G.S.R. 176 dated 02.04.1996)",1993-05-19,,TRUE,FALSE,,,
Water,ph,pH,EP Rules 1986 Schedule VI,Effluent discharge - Inland surface water,Not applicable,maximum,9,pH,MoEFCC,"Environment (Protection) Rules, 1986, Schedule VI, Part-A: Effluents (inserted by G.S.R. 422(E) dated 19.05.1993; BOD basis substituted by G.S.R. 176 dated 02.04.1996)",1993-05-19,,TRUE,FALSE,,,
Water,ph,pH,EP Rules 1986 Schedule VI,Effluent discharge - Public sewers,Not applicable,maximum,9,pH,MoEFCC,"Environment (Protection) Rules, 1986, Schedule VI, Part-A: Effluents (inserted by G.S.R. 422(E) dated 19.05.1993; BOD basis substituted by G.S.R. 176 dated 02.04.1996)",1993-05-19,,TRUE,FALSE,,,
Water,ph,pH,EP Rules 1986 Schedule VI,Effluent discharge - Land for irrigation,Not applicable,maximum,9,pH,MoEFCC,"Environment (Protection) Rules, 1986, Schedule VI, Part-A: Effluents (inserted by G.S.R. 422(E) dated 19.05.1993; BOD basis substituted by G.S.R. 176 dated 02.04.1996)",1993-05-19,,TRUE,FALSE,,,
Water,ph,pH,EP Rules 1986 Schedule VI,Effluent discharge - Marine coastal areas,Not applicable,maximum,9,pH,MoEFCC,"Environment (Protection) Rules, 1986, Schedule VI, Part-A: Effluents (inserted by G.S.R. 422(E) dated 19.05.1993; BOD basis substituted by G.S.R. 176 dated 02.04.1996)",1993-05-19,,TRUE,FALSE,,,
Water,temperature_rise,Temperature rise above receiving water,EP Rules 1986 Schedule VI,Effluent discharge - Inland surface water,Not applicable,maximum,5,deg C,MoEFCC,"Environment (Protection) Rules, 1986, Schedule VI, Part-A: Effluents (inserted by G.S.R. 422(E) dated 19.05.1993; BOD basis substituted by G.S.R. 176 dated 02.04.1996)",1993-05-19,,TRUE,FALSE,,,Schedule wording: shall not exceed 5 C above the receiving water temperature.
Water,temperature_rise,Temperature rise above receiving water,EP Rules 1986 Schedule VI,Effluent discharge - Marine coastal areas,Not applicable,maximum,5,deg C,MoEFCC,"Environment (Protection) Rules, 1986, Schedule VI, Part-A: Effluents (inserted by G.S.R. 422(E) dated 19.05.1993; BOD basis substituted by G.S.R. 176 dated 02.04.1996)",1993-05-19,,TRUE,FALSE,,,Schedule wording: shall not exceed 5 C above the receiving water temperature.
Water,oil_and_grease,Oil and grease,EP Rules 1986 Schedule VI,Effluent discharge - Inland surface water,Not applicable,maximum,10,mg/l,MoEFCC,"Environment (Protection) Rules, 1986, Schedule VI, Part-A: Effluents (inserted by G.S.R. 422(E) dated 19.05.1993; BOD basis substituted by G.S.R. 176 dated 02.04.1996)",1993-05-19,,TRUE,FALSE,,,
Water,oil_and_grease,Oil and grease,EP Rules 1986 Schedule VI,Effluent discharge - Public sewers,Not applicable,maximum,20,mg/l,MoEFCC,"Environment (Protection) Rules, 1986, Schedule VI, Part-A: Effluents (inserted by G.S.R. 422(E) dated 19.05.1993; BOD basis substituted by G.S.R. 176 dated 02.04.1996)",1993-05-19,,TRUE,FALSE,,,
Water,oil_and_grease,Oil and grease,EP Rules 1986 Schedule VI,Effluent discharge - Land for irrigation,Not applicable,maximum,10,mg/l,MoEFCC,"Environment (Protection) Rules, 1986, Schedule VI, Part-A: Effluents (inserted by G.S.R. 422(E) dated 19.05.1993; BOD basis substituted by G.S.R. 176 dated 02.04.1996)",1993-05-19,,TRUE,FALSE,,,
Water,oil_and_grease,Oil and grease,EP Rules 1986 Schedule VI,Effluent discharge - Marine coastal areas,Not applicable,maximum,20,mg/l,MoEFCC,"Environment (Protection) Rules, 1986, Schedule VI, Part-A: Effluents (inserted by G.S.R. 422(E) dated 19.05.1993; BOD basis substituted by G.S.R. 176 dated 02.04.1996)",1993-05-19,,TRUE,FALSE,,,
Water,total_residual_chlorine,Total residual chlorine,EP Rules 1986 Schedule VI,Effluent discharge - Inland surface water,Not applicable,maximum,1,mg/l,MoEFCC,"Environment (Protection) Rules, 1986, Schedule VI, Part-A: Effluents (inserted by G.S.R. 422(E) dated 19.05.1993; BOD basis substituted by G.S.R. 176 dated 02.04.1996)",1993-05-19,,TRUE,FALSE,,,
Water,total_residual_chlorine,Total residual chlorine,EP Rules 1986 Schedule VI,Effluent discharge - Marine coastal areas,Not applicable,maximum,1,mg/l,MoEFCC,"Environment (Protection) Rules, 1986, Schedule VI, Part-A: Effluents (inserted by G.S.R. 422(E) dated 19.05.1993; BOD basis substituted by G.S.R. 176 dated 02.04.1996)",1993-05-19,,TRUE,FALSE,,,
Water,ammoniacal_nitrogen,Ammoniacal nitrogen (as N),EP Rules 1986 Schedule VI,Effluent discharge - Inland surface water,Not applicable,maximum,50,mg/l,MoEFCC,"Environment (Protection) Rules, 1986, Schedule VI, Part-A: Effluents (inserted by G.S.R. 422(E) dated 19.05.1993; BOD basis substituted by G.S.R. 176 dated 02.04.1996)",1993-05-19,,TRUE,FALSE,,,
Water,ammoniacal_nitrogen,Ammoniacal nitrogen (as N),EP Rules 1986 Schedule VI,Effluent discharge - Public sewers,Not applicable,maximum,50,mg/l,MoEFCC,"Environment (Protection) Rules, 1986, Schedule VI, Part-A: Effluents (inserted by G.S.R. 422(E) dated 19.05.1993; BOD basis substituted by G.S.R. 176 dated 02.04.1996)",1993-05-19,,TRUE,FALSE,,,
Water,ammoniacal_nitrogen,Ammoniacal nitrogen (as N),EP Rules 1986 Schedule VI,Effluent discharge - Marine coastal areas,Not applicable,maximum,50,mg/l,MoEFCC,"Environment (Protection) Rules, 1986, Schedule VI, Part-A: Effluents (inserted by G.S.R. 422(E) dated 19.05.1993; BOD basis substituted by G.S.R. 176 dated 02.04.1996)",1993-05-19,,TRUE,FALSE,,,
Water,total_kjeldahl_nitrogen,Total Kjeldahl nitrogen (as NH3),EP Rules 1986 Schedule VI,Effluent discharge - Inland surface water,Not applicable,maximum,100,mg/l,MoEFCC,"Environment (Protection) Rules, 1986, Schedule VI, Part-A: Effluents (inserted by G.S.R. 422(E) dated 19.05.1993; BOD basis substituted by G.S.R. 176 dated 02.04.1996)",1993-05-19,,TRUE,FALSE,,,
Water,total_kjeldahl_nitrogen,Total Kjeldahl nitrogen (as NH3),EP Rules 1986 Schedule VI,Effluent discharge - Marine coastal areas,Not applicable,maximum,100,mg/l,MoEFCC,"Environment (Protection) Rules, 1986, Schedule VI, Part-A: Effluents (inserted by G.S.R. 422(E) dated 19.05.1993; BOD basis substituted by G.S.R. 176 dated 02.04.1996)",1993-05-19,,TRUE,FALSE,,,
Water,free_ammonia,Free ammonia (as NH3),EP Rules 1986 Schedule VI,Effluent discharge - Inland surface water,Not applicable,maximum,5,mg/l,MoEFCC,"Environment (Protection) Rules, 1986, Schedule VI, Part-A: Effluents (inserted by G.S.R. 422(E) dated 19.05.1993; BOD basis substituted by G.S.R. 176 dated 02.04.1996)",1993-05-19,,TRUE,FALSE,,,
Water,free_ammonia,Free ammonia (as NH3),EP Rules 1986 Schedule VI,Effluent discharge - Marine coastal areas,Not applicable,maximum,5,mg/l,MoEFCC,"Environment (Protection) Rules, 1986, Schedule VI, Part-A: Effluents (inserted by G.S.R. 422(E) dated 19.05.1993; BOD basis substituted by G.S.R. 176 dated 02.04.1996)",1993-05-19,,TRUE,FALSE,,,
Water,bod,BOD (3 days at 27 C),EP Rules 1986 Schedule VI,Effluent discharge - Inland surface water,Not applicable,maximum,30,mg/l,MoEFCC,"Environment (Protection) Rules, 1986, Schedule VI, Part-A: Effluents (inserted by G.S.R. 422(E) dated 19.05.1993; BOD basis substituted by G.S.R. 176 dated 02.04.1996)",1993-05-19,,TRUE,FALSE,,,BOD basis substituted to 3 days at 27 C by G.S.R. 176 dated 02.04.1996.
Water,bod,BOD (3 days at 27 C),EP Rules 1986 Schedule VI,Effluent discharge - Public sewers,Not applicable,maximum,350,mg/l,MoEFCC,"Environment (Protection) Rules, 1986, Schedule VI, Part-A: Effluents (inserted by G.S.R. 422(E) dated 19.05.1993; BOD basis substituted by G.S.R. 176 dated 02.04.1996)",1993-05-19,,TRUE,FALSE,,,BOD basis substituted to 3 days at 27 C by G.S.R. 176 dated 02.04.1996.
Water,bod,BOD (3 days at 27 C),EP Rules 1986 Schedule VI,Effluent discharge - Land for irrigation,Not applicable,maximum,100,mg/l,MoEFCC,"Environment (Protection) Rules, 1986, Schedule VI, Part-A: Effluents (inserted by G.S.R. 422(E) dated 19.05.1993; BOD basis substituted by G.S.R. 176 dated 02.04.1996)",1993-05-19,,TRUE,FALSE,,,BOD basis substituted to 3 days at 27 C by G.S.R. 176 dated 02.04.1996.
Water,bod,BOD (3 days at 27 C),EP Rules 1986 Schedule VI,Effluent discharge - Marine coastal areas,Not applicable,maximum,100,mg/l,MoEFCC,"Environment (Protection) Rules, 1986, Schedule VI, Part-A: Effluents (inserted by G.S.R. 422(E) dated 19.05.1993; BOD basis substituted by G.S.R. 176 dated 02.04.1996)",1993-05-19,,TRUE,FALSE,,,BOD basis substituted to 3 days at 27 C by G.S.R. 176 dated 02.04.1996.
Water,cod,COD,EP Rules 1986 Schedule VI,Effluent discharge - Inland surface water,Not applicable,maximum,250,mg/l,MoEFCC,"Environment (Protection) Rules, 1986, Schedule VI, Part-A: Effluents (inserted by G.S.R. 422(E) dated 19.05.1993; BOD basis substituted by G.S.R. 176 dated 02.04.1996)",1993-05-19,,TRUE,FALSE,,,
Water,cod,COD,EP Rules 1986 Schedule VI,Effluent discharge - Marine coastal areas,Not applicable,maximum,250,mg/l,MoEFCC,"Environment (Protection) Rules, 1986, Schedule VI, Part-A: Effluents (inserted by G.S.R. 422(E) dated 19.05.1993; BOD basis substituted by G.S.R. 176 dated 02.04.1996)",1993-05-19,,TRUE,FALSE,,,
Water,arsenic,Arsenic (as As),EP Rules 1986 Schedule VI,Effluent discharge - Inland surface water,Not applicable,maximum,0.2,mg/l,MoEFCC,"Environment (Protection) Rules, 1986, Schedule VI, Part-A: Effluents (inserted by G.S.R. 422(E) dated 19.05.1993; BOD basis substituted by G.S.R. 176 dated 02.04.1996)",1993-05-19,,TRUE,FALSE,,,
Water,arsenic,Arsenic (as As),EP Rules 1986 Schedule VI,Effluent discharge - Public sewers,Not applicable,maximum,0.2,mg/l,MoEFCC,"Environment (Protection) Rules, 1986, Schedule VI, Part-A: Effluents (inserted by G.S.R. 422(E) dated 19.05.1993; BOD basis substituted by G.S.R. 176 dated 02.04.1996)",1993-05-19,,TRUE,FALSE,,,
Water,arsenic,Arsenic (as As),EP Rules 1986 Schedule VI,Effluent discharge - Land for irrigation,Not applicable,maximum,0.2,mg/l,MoEFCC,"Environment (Protection) Rules, 1986, Schedule VI, Part-A: Effluents (inserted by G.S.R. 422(E) dated 19.05.1993; BOD basis substituted by G.S.R. 176 dated 02.04.1996)",1993-05-19,,TRUE,FALSE,,,
Water,arsenic,Arsenic (as As),EP Rules 1986 Schedule VI,Effluent discharge - Marine coastal areas,Not applicable,maximum,0.2,mg/l,MoEFCC,"Environment (Protection) Rules, 1986, Schedule VI, Part-A: Effluents (inserted by G.S.R. 422(E) dated 19.05.1993; BOD basis substituted by G.S.R. 176 dated 02.04.1996)",1993-05-19,,TRUE,FALSE,,,
Water,mercury,Mercury (as Hg),EP Rules 1986 Schedule VI,Effluent discharge - Inland surface water,Not applicable,maximum,0.01,mg/l,MoEFCC,"Environment (Protection) Rules, 1986, Schedule VI, Part-A: Effluents (inserted by G.S.R. 422(E) dated 19.05.1993; BOD basis substituted by G.S.R. 176 dated 02.04.1996)",1993-05-19,,TRUE,FALSE,,,
Water,mercury,Mercury (as Hg),EP Rules 1986 Schedule VI,Effluent discharge - Public sewers,Not applicable,maximum,0.01,mg/l,MoEFCC,"Environment (Protection) Rules, 1986, Schedule VI, Part-A: Effluents (inserted by G.S.R. 422(E) dated 19.05.1993; BOD basis substituted by G.S.R. 176 dated 02.04.1996)",1993-05-19,,TRUE,FALSE,,,
Water,mercury,Mercury (as Hg),EP Rules 1986 Schedule VI,Effluent discharge - Marine coastal areas,Not applicable,maximum,0.01,mg/l,MoEFCC,"Environment (Protection) Rules, 1986, Schedule VI, Part-A: Effluents (inserted by G.S.R. 422(E) dated 19.05.1993; BOD basis substituted by G.S.R. 176 dated 02.04.1996)",1993-05-19,,TRUE,FALSE,,,
Water,lead,Lead (as Pb),EP Rules 1986 Schedule VI,Effluent discharge - Inland surface water,Not applicable,maximum,0.1,mg/l,MoEFCC,"Environment (Protection) Rules, 1986, Schedule VI, Part-A: Effluents (inserted by G.S.R. 422(E) dated 19.05.1993; BOD basis substituted by G.S.R. 176 dated 02.04.1996)",1993-05-19,,TRUE,FALSE,,,
Water,lead,Lead (as Pb),EP Rules 1986 Schedule VI,Effluent discharge - Public sewers,Not applicable,maximum,1,mg/l,MoEFCC,"Environment (Protection) Rules, 1986, Schedule VI, Part-A: Effluents (inserted by G.S.R. 422(E) dated 19.05.1993; BOD basis substituted by G.S.R. 176 dated 02.04.1996)",1993-05-19,,TRUE,FALSE,,,
Water,lead,Lead (as Pb),EP Rules 1986 Schedule VI,Effluent discharge - Marine coastal areas,Not applicable,maximum,2,mg/l,MoEFCC,"Environment (Protection) Rules, 1986, Schedule VI, Part-A: Effluents (inserted by G.S.R. 422(E) dated 19.05.1993; BOD basis substituted by G.S.R. 176 dated 02.04.1996)",1993-05-19,,TRUE,FALSE,,,
Water,cadmium,Cadmium (as Cd),EP Rules 1986 Schedule VI,Effluent discharge - Inland surface water,Not applicable,maximum,2,mg/l,MoEFCC,"Environment (Protection) Rules, 1986, Schedule VI, Part-A: Effluents (inserted by G.S.R. 422(E) dated 19.05.1993; BOD basis substituted by G.S.R. 176 dated 02.04.1996)",1993-05-19,,TRUE,FALSE,,,Reproduced exactly as printed in Schedule VI.
Water,cadmium,Cadmium (as Cd),EP Rules 1986 Schedule VI,Effluent discharge - Public sewers,Not applicable,maximum,1,mg/l,MoEFCC,"Environment (Protection) Rules, 1986, Schedule VI, Part-A: Effluents (inserted by G.S.R. 422(E) dated 19.05.1993; BOD basis substituted by G.S.R. 176 dated 02.04.1996)",1993-05-19,,TRUE,FALSE,,,Reproduced exactly as printed in Schedule VI.
Water,cadmium,Cadmium (as Cd),EP Rules 1986 Schedule VI,Effluent discharge - Marine coastal areas,Not applicable,maximum,2,mg/l,MoEFCC,"Environment (Protection) Rules, 1986, Schedule VI, Part-A: Effluents (inserted by G.S.R. 422(E) dated 19.05.1993; BOD basis substituted by G.S.R. 176 dated 02.04.1996)",1993-05-19,,TRUE,FALSE,,,Reproduced exactly as printed in Schedule VI.
Water,hexavalent_chromium,Hexavalent chromium (as Cr+6),EP Rules 1986 Schedule VI,Effluent discharge - Inland surface water,Not applicable,maximum,0.1,mg/l,MoEFCC,"Environment (Protection) Rules, 1986, Schedule VI, Part-A: Effluents (inserted by G.S.R. 422(E) dated 19.05.1993; BOD basis substituted by G.S.R. 176 dated 02.04.1996)",1993-05-19,,TRUE,FALSE,,,
Water,hexavalent_chromium,Hexavalent chromium (as Cr+6),EP Rules 1986 Schedule VI,Effluent discharge - Public sewers,Not applicable,maximum,2,mg/l,MoEFCC,"Environment (Protection) Rules, 1986, Schedule VI, Part-A: Effluents (inserted by G.S.R. 422(E) dated 19.05.1993; BOD basis substituted by G.S.R. 176 dated 02.04.1996)",1993-05-19,,TRUE,FALSE,,,
Water,hexavalent_chromium,Hexavalent chromium (as Cr+6),EP Rules 1986 Schedule VI,Effluent discharge - Marine coastal areas,Not applicable,maximum,1,mg/l,MoEFCC,"Environment (Protection) Rules, 1986, Schedule VI, Part-A: Effluents (inserted by G.S.R. 422(E) dated 19.05.1993; BOD basis substituted by G.S.R. 176 dated 02.04.1996)",1993-05-19,,TRUE,FALSE,,,
Water,total_chromium,Total chromium (as Cr),EP Rules 1986 Schedule VI,Effluent discharge - Inland surface water,Not applicable,maximum,2,mg/l,MoEFCC,"Environment (Protection) Rules, 1986, Schedule VI, Part-A: Effluents (inserted by G.S.R. 422(E) dated 19.05.1993; BOD basis substituted by G.S.R. 176 dated 02.04.1996)",1993-05-19,,TRUE,FALSE,,,
Water,total_chromium,Total chromium (as Cr),EP Rules 1986 Schedule VI,Effluent discharge - Public sewers,Not applicable,maximum,2,mg/l,MoEFCC,"Environment (Protection) Rules, 1986, Schedule VI, Part-A: Effluents (inserted by G.S.R. 422(E) dated 19.05.1993; BOD basis substituted by G.S.R. 176 dated 02.04.1996)",1993-05-19,,TRUE,FALSE,,,
Water,total_chromium,Total chromium (as Cr),EP Rules 1986 Schedule VI,Effluent discharge - Marine coastal areas,Not applicable,maximum,2,mg/l,MoEFCC,"Environment (Protection) Rules, 1986, Schedule VI, Part-A: Effluents (inserted by G.S.R. 422(E) dated 19.05.1993; BOD basis substituted by G.S.R. 176 dated 02.04.1996)",1993-05-19,,TRUE,FALSE,,,
Water,copper,Copper (as Cu),EP Rules 1986 Schedule VI,Effluent discharge - Inland surface water,Not applicable,maximum,3,mg/l,MoEFCC,"Environment (Protection) Rules, 1986, Schedule VI, Part-A: Effluents (inserted by G.S.R. 422(E) dated 19.05.1993; BOD basis substituted by G.S.R. 176 dated 02.04.1996)",1993-05-19,,TRUE,FALSE,,,
Water,copper,Copper (as Cu),EP Rules 1986 Schedule VI,Effluent discharge - Public sewers,Not applicable,maximum,3,mg/l,MoEFCC,"Environment (Protection) Rules, 1986, Schedule VI, Part-A: Effluents (inserted by G.S.R. 422(E) dated 19.05.1993; BOD basis substituted by G.S.R. 176 dated 02.04.1996)",1993-05-19,,TRUE,FALSE,,,
Water,copper,Copper (as Cu),EP Rules 1986 Schedule VI,Effluent discharge - Marine coastal areas,Not applicable,maximum,3,mg/l,MoEFCC,"Environment (Protection) Rules, 1986, Schedule VI, Part-A: Effluents (inserted by G.S.R. 422(E) dated 19.05.1993; BOD basis substituted by G.S.R. 176 dated 02.04.1996)",1993-05-19,,TRUE,FALSE,,,
Water,zinc,Zinc (as Zn),EP Rules 1986 Schedule VI,Effluent discharge - Inland surface water,Not applicable,maximum,5,mg/l,MoEFCC,"Environment (Protection) Rules, 1986, Schedule VI, Part-A: Effluents (inserted by G.S.R. 422(E) dated 19.05.1993; BOD basis substituted by G.S.R. 176 dated 02.04.1996)",1993-05-19,,TRUE,FALSE,,,
Water,zinc,Zinc (as Zn),EP Rules 1986 Schedule VI,Effluent discharge - Public sewers,Not applicable,maximum,15,mg/l,MoEFCC,"Environment (Protection) Rules, 1986, Schedule VI, Part-A: Effluents (inserted by G.S.R. 422(E) dated 19.05.1993; BOD basis substituted by G.S.R. 176 dated 02.04.1996)",1993-05-19,,TRUE,FALSE,,,
Water,zinc,Zinc (as Zn),EP Rules 1986 Schedule VI,Effluent discharge - Marine coastal areas,Not applicable,maximum,15,mg/l,MoEFCC,"Environment (Protection) Rules, 1986, Schedule VI, Part-A: Effluents (inserted by G.S.R. 422(E) dated 19.05.1993; BOD basis substituted by G.S.R. 176 dated 02.04.1996)",1993-05-19,,TRUE,FALSE,,,
Water,selenium,Selenium (as Se),EP Rules 1986 Schedule VI,Effluent discharge - Inland surface water,Not applicable,maximum,0.05,mg/l,MoEFCC,"Environment (Protection) Rules, 1986, Schedule VI, Part-A: Effluents (inserted by G.S.R. 422(E) dated 19.05.1993; BOD basis substituted by G.S.R. 176 dated 02.04.1996)",1993-05-19,,TRUE,FALSE,,,
Water,selenium,Selenium (as Se),EP Rules 1986 Schedule VI,Effluent discharge - Public sewers,Not applicable,maximum,0.05,mg/l,MoEFCC,"Environment (Protection) Rules, 1986, Schedule VI, Part-A: Effluents (inserted by G.S.R. 422(E) dated 19.05.1993; BOD basis substituted by G.S.R. 176 dated 02.04.1996)",1993-05-19,,TRUE,FALSE,,,
Water,selenium,Selenium (as Se),EP Rules 1986 Schedule VI,Effluent discharge - Marine coastal areas,Not applicable,maximum,0.05,mg/l,MoEFCC,"Environment (Protection) Rules, 1986, Schedule VI, Part-A: Effluents (inserted by G.S.R. 422(E) dated 19.05.1993; BOD basis substituted by G.S.R. 176 dated 02.04.1996)",1993-05-19,,TRUE,FALSE,,,
Water,nickel,Nickel (as Ni),EP Rules 1986 Schedule VI,Effluent discharge - Inland surface water,Not applicable,maximum,3,mg/l,MoEFCC,"Environment (Protection) Rules, 1986, Schedule VI, Part-A: Effluents (inserted by G.S.R. 422(E) dated 19.05.1993; BOD basis substituted by G.S.R. 176 dated 02.04.1996)",1993-05-19,,TRUE,FALSE,,,
Water,nickel,Nickel (as Ni),EP Rules 1986 Schedule VI,Effluent discharge - Public sewers,Not applicable,maximum,3,mg/l,MoEFCC,"Environment (Protection) Rules, 1986, Schedule VI, Part-A: Effluents (inserted by G.S.R. 422(E) dated 19.05.1993; BOD basis substituted by G.S.R. 176 dated 02.04.1996)",1993-05-19,,TRUE,FALSE,,,
Water,nickel,Nickel (as Ni),EP Rules 1986 Schedule VI,Effluent discharge - Marine coastal areas,Not applicable,maximum,5,mg/l,MoEFCC,"Environment (Protection) Rules, 1986, Schedule VI, Part-A: Effluents (inserted by G.S.R. 422(E) dated 19.05.1993; BOD basis substituted by G.S.R. 176 dated 02.04.1996)",1993-05-19,,TRUE,FALSE,,,
Water,cyanide,Cyanide (as CN),EP Rules 1986 Schedule VI,Effluent discharge - Inland surface water,Not applicable,maximum,0.2,mg/l,MoEFCC,"Environment (Protection) Rules, 1986, Schedule VI, Part-A: Effluents (inserted by G.S.R. 422(E) dated 19.05.1993; BOD basis substituted by G.S.R. 176 dated 02.04.1996)",1993-05-19,,TRUE,FALSE,,,
Water,cyanide,Cyanide (as CN),EP Rules 1986 Schedule VI,Effluent discharge - Public sewers,Not applicable,maximum,2,mg/l,MoEFCC,"Environment (Protection) Rules, 1986, Schedule VI, Part-A: Effluents (inserted by G.S.R. 422(E) dated 19.05.1993; BOD basis substituted by G.S.R. 176 dated 02.04.1996)",1993-05-19,,TRUE,FALSE,,,
Water,cyanide,Cyanide (as CN),EP Rules 1986 Schedule VI,Effluent discharge - Land for irrigation,Not applicable,maximum,0.2,mg/l,MoEFCC,"Environment (Protection) Rules, 1986, Schedule VI, Part-A: Effluents (inserted by G.S.R. 422(E) dated 19.05.1993; BOD basis substituted by G.S.R. 176 dated 02.04.1996)",1993-05-19,,TRUE,FALSE,,,
Water,cyanide,Cyanide (as CN),EP Rules 1986 Schedule VI,Effluent discharge - Marine coastal areas,Not applicable,maximum,0.2,mg/l,MoEFCC,"Environment (Protection) Rules, 1986, Schedule VI, Part-A: Effluents (inserted by G.S.R. 422(E) dated 19.05.1993; BOD basis substituted by G.S.R. 176 dated 02.04.1996)",1993-05-19,,TRUE,FALSE,,,
Water,fluoride,Fluoride (as F),EP Rules 1986 Schedule VI,Effluent discharge - Inland surface water,Not applicable,maximum,2,mg/l,MoEFCC,"Environment (Protection) Rules, 1986, Schedule VI, Part-A: Effluents (inserted by G.S.R. 422(E) dated 19.05.1993; BOD basis substituted by G.S.R. 176 dated 02.04.1996)",1993-05-19,,TRUE,FALSE,,,
Water,fluoride,Fluoride (as F),EP Rules 1986 Schedule VI,Effluent discharge - Public sewers,Not applicable,maximum,15,mg/l,MoEFCC,"Environment (Protection) Rules, 1986, Schedule VI, Part-A: Effluents (inserted by G.S.R. 422(E) dated 19.05.1993; BOD basis substituted by G.S.R. 176 dated 02.04.1996)",1993-05-19,,TRUE,FALSE,,,
Water,fluoride,Fluoride (as F),EP Rules 1986 Schedule VI,Effluent discharge - Marine coastal areas,Not applicable,maximum,15,mg/l,MoEFCC,"Environment (Protection) Rules, 1986, Schedule VI, Part-A: Effluents (inserted by G.S.R. 422(E) dated 19.05.1993; BOD basis substituted by G.S.R. 176 dated 02.04.1996)",1993-05-19,,TRUE,FALSE,,,
Water,dissolved_phosphates,Dissolved phosphates (as P),EP Rules 1986 Schedule VI,Effluent discharge - Inland surface water,Not applicable,maximum,5,mg/l,MoEFCC,"Environment (Protection) Rules, 1986, Schedule VI, Part-A: Effluents (inserted by G.S.R. 422(E) dated 19.05.1993; BOD basis substituted by G.S.R. 176 dated 02.04.1996)",1993-05-19,,TRUE,FALSE,,,
Water,sulphide,Sulphide (as S),EP Rules 1986 Schedule VI,Effluent discharge - Inland surface water,Not applicable,maximum,2,mg/l,MoEFCC,"Environment (Protection) Rules, 1986, Schedule VI, Part-A: Effluents (inserted by G.S.R. 422(E) dated 19.05.1993; BOD basis substituted by G.S.R. 176 dated 02.04.1996)",1993-05-19,,TRUE,FALSE,,,
Water,sulphide,Sulphide (as S),EP Rules 1986 Schedule VI,Effluent discharge - Marine coastal areas,Not applicable,maximum,5,mg/l,MoEFCC,"Environment (Protection) Rules, 1986, Schedule VI, Part-A: Effluents (inserted by G.S.R. 422(E) dated 19.05.1993; BOD basis substituted by G.S.R. 176 dated 02.04.1996)",1993-05-19,,TRUE,FALSE,,,
Water,phenolic_compounds,Phenolic compounds (as C6H5OH),EP Rules 1986 Schedule VI,Effluent discharge - Inland surface water,Not applicable,maximum,1,mg/l,MoEFCC,"Environment (Protection) Rules, 1986, Schedule VI, Part-A: Effluents (inserted by G.S.R. 422(E) dated 19.05.1993; BOD basis substituted by G.S.R. 176 dated 02.04.1996)",1993-05-19,,TRUE,FALSE,,,
Water,phenolic_compounds,Phenolic compounds (as C6H5OH),EP Rules 1986 Schedule VI,Effluent discharge - Public sewers,Not applicable,maximum,5,mg/l,MoEFCC,"Environment (Protection) Rules, 1986, Schedule VI, Part-A: Effluents (inserted by G.S.R. 422(E) dated 19.05.1993; BOD basis substituted by G.S.R. 176 dated 02.04.1996)",1993-05-19,,TRUE,FALSE,,,
Water,phenolic_compounds,Phenolic compounds (as C6H5OH),EP Rules 1986 Schedule VI,Effluent discharge - Marine coastal areas,Not applicable,maximum,5,mg/l,MoEFCC,"Environment (Protection) Rules, 1986, Schedule VI, Part-A: Effluents (inserted by G.S.R. 422(E) dated 19.05.1993; BOD basis substituted by G.S.R. 176 dated 02.04.1996)",1993-05-19,,TRUE,FALSE,,,
Water,alpha_emitter,Radioactive material - alpha emitter,EP Rules 1986 Schedule VI,Effluent discharge - Inland surface water,Not applicable,maximum,1e-07,microcurie/ml,MoEFCC,"Environment (Protection) Rules, 1986, Schedule VI, Part-A: Effluents (inserted by G.S.R. 422(E) dated 19.05.1993; BOD basis substituted by G.S.R. 176 dated 02.04.1996)",1993-05-19,,TRUE,FALSE,,,
Water,alpha_emitter,Radioactive material - alpha emitter,EP Rules 1986 Schedule VI,Effluent discharge - Public sewers,Not applicable,maximum,1e-07,microcurie/ml,MoEFCC,"Environment (Protection) Rules, 1986, Schedule VI, Part-A: Effluents (inserted by G.S.R. 422(E) dated 19.05.1993; BOD basis substituted by G.S.R. 176 dated 02.04.1996)",1993-05-19,,TRUE,FALSE,,,
Water,alpha_emitter,Radioactive material - alpha emitter,EP Rules 1986 Schedule VI,Effluent discharge - Land for irrigation,Not applicable,maximum,1e-08,microcurie/ml,MoEFCC,"Environment (Protection) Rules, 1986, Schedule VI, Part-A: Effluents (inserted by G.S.R. 422(E) dated 19.05.1993; BOD basis substituted by G.S.R. 176 dated 02.04.1996)",1993-05-19,,TRUE,FALSE,,,
Water,alpha_emitter,Radioactive material - alpha emitter,EP Rules 1986 Schedule VI,Effluent discharge - Marine coastal areas,Not applicable,maximum,1e-07,microcurie/ml,MoEFCC,"Environment (Protection) Rules, 1986, Schedule VI, Part-A: Effluents (inserted by G.S.R. 422(E) dated 19.05.1993; BOD basis substituted by G.S.R. 176 dated 02.04.1996)",1993-05-19,,TRUE,FALSE,,,
Water,beta_emitter,Radioactive material - beta emitter,EP Rules 1986 Schedule VI,Effluent discharge - Inland surface water,Not applicable,maximum,1e-06,microcurie/ml,MoEFCC,"Environment (Protection) Rules, 1986, Schedule VI, Part-A: Effluents (inserted by G.S.R. 422(E) dated 19.05.1993; BOD basis substituted by G.S.R. 176 dated 02.04.1996)",1993-05-19,,TRUE,FALSE,,,
Water,beta_emitter,Radioactive material - beta emitter,EP Rules 1986 Schedule VI,Effluent discharge - Public sewers,Not applicable,maximum,1e-06,microcurie/ml,MoEFCC,"Environment (Protection) Rules, 1986, Schedule VI, Part-A: Effluents (inserted by G.S.R. 422(E) dated 19.05.1993; BOD basis substituted by G.S.R. 176 dated 02.04.1996)",1993-05-19,,TRUE,FALSE,,,
Water,beta_emitter,Radioactive material - beta emitter,EP Rules 1986 Schedule VI,Effluent discharge - Land for irrigation,Not applicable,maximum,1e-07,microcurie/ml,MoEFCC,"Environment (Protection) Rules, 1986, Schedule VI, Part-A: Effluents (inserted by G.S.R. 422(E) dated 19.05.1993; BOD basis substituted by G.S.R. 176 dated 02.04.1996)",1993-05-19,,TRUE,FALSE,,,
Water,beta_emitter,Radioactive material - beta emitter,EP Rules 1986 Schedule VI,Effluent discharge - Marine coastal areas,Not applicable,maximum,1e-06,microcurie/ml,MoEFCC,"Environment (Protection) Rules, 1986, Schedule VI, Part-A: Effluents (inserted by G.S.R. 422(E) dated 19.05.1993; BOD basis substituted by G.S.R. 176 dated 02.04.1996)",1993-05-19,,TRUE,FALSE,,,
Water,colour,Colour,IS 10500:2012,Drinking water - acceptable limit,Not applicable,maximum,5,Hazen units,BIS,"IS 10500:2012 Drinking Water - Specification, as reproduced in the Arghyam presentation hosted by India Water Portal and cross-checked against infralens.in/code/IS-10500-2012. NOT read from the BIS standard itself.",,,TRUE,FALSE,,,"Transcribed from a secondary reproduction of IS 10500:2012, not from the BIS standard. Check against the purchased standard before verifying."
Water,colour,Colour,IS 10500:2012,Drinking water - permissible limit in absence of alternate source,Not applicable,maximum,15,Hazen units,BIS,"IS 10500:2012 Drinking Water - Specification, as reproduced in the Arghyam presentation hosted by India Water Portal and cross-checked against infralens.in/code/IS-10500-2012. NOT read from the BIS standard itself.",,,TRUE,FALSE,,,"Transcribed from a secondary reproduction of IS 10500:2012, not from the BIS standard. Check against the purchased standard before verifying."
Water,ph,pH,IS 10500:2012,Drinking water - acceptable limit,Not applicable,minimum,6.5,pH,BIS,"IS 10500:2012 Drinking Water - Specification, as reproduced in the Arghyam presentation hosted by India Water Portal and cross-checked against infralens.in/code/IS-10500-2012. NOT read from the BIS standard itself.",,,TRUE,FALSE,,,"Transcribed from a secondary reproduction of IS 10500:2012, not from the BIS standard. Check against the purchased standard before verifying. The standard prints 'No relaxation' for the permissible limit."
Water,ph,pH,IS 10500:2012,Drinking water - acceptable limit,Not applicable,maximum,8.5,pH,BIS,"IS 10500:2012 Drinking Water - Specification, as reproduced in the Arghyam presentation hosted by India Water Portal and cross-checked against infralens.in/code/IS-10500-2012. NOT read from the BIS standard itself.",,,TRUE,FALSE,,,"Transcribed from a secondary reproduction of IS 10500:2012, not from the BIS standard. Check against the purchased standard before verifying. The standard prints 'No relaxation' for the permissible limit."
Water,tds,Total dissolved solids,IS 10500:2012,Drinking water - acceptable limit,Not applicable,maximum,500,mg/l,BIS,"IS 10500:2012 Drinking Water - Specification, as reproduced in the Arghyam presentation hosted by India Water Portal and cross-checked against infralens.in/code/IS-10500-2012. NOT read from the BIS standard itself.",,,TRUE,FALSE,,,"Transcribed from a secondary reproduction of IS 10500:2012, not from the BIS standard. Check against the purchased standard before verifying."
Water,tds,Total dissolved solids,IS 10500:2012,Drinking water - permissible limit in absence of alternate source,Not applicable,maximum,2000,mg/l,BIS,"IS 10500:2012 Drinking Water - Specification, as reproduced in the Arghyam presentation hosted by India Water Portal and cross-checked against infralens.in/code/IS-10500-2012. NOT read from the BIS standard itself.",,,TRUE,FALSE,,,"Transcribed from a secondary reproduction of IS 10500:2012, not from the BIS standard. Check against the purchased standard before verifying."
Water,turbidity,Turbidity,IS 10500:2012,Drinking water - acceptable limit,Not applicable,maximum,1,NTU,BIS,"IS 10500:2012 Drinking Water - Specification, as reproduced in the Arghyam presentation hosted by India Water Portal and cross-checked against infralens.in/code/IS-10500-2012. NOT read from the BIS standard itself.",,,TRUE,FALSE,,,"Transcribed from a secondary reproduction of IS 10500:2012, not from the BIS standard. Check against the purchased standard before verifying."
Water,turbidity,Turbidity,IS 10500:2012,Drinking water - permissible limit in absence of alternate source,Not applicable,maximum,5,NTU,BIS,"IS 10500:2012 Drinking Water - Specification, as reproduced in the Arghyam presentation hosted by India Water Portal and cross-checked against infralens.in/code/IS-10500-2012. NOT read from the BIS standard itself.",,,TRUE,FALSE,,,"Transcribed from a secondary reproduction of IS 10500:2012, not from the BIS standard. Check against the purchased standard before verifying."
Water,total_hardness,Total hardness (as CaCO3),IS 10500:2012,Drinking water - acceptable limit,Not applicable,maximum,200,mg/l,BIS,"IS 10500:2012 Drinking Water - Specification, as reproduced in the Arghyam presentation hosted by India Water Portal and cross-checked against infralens.in/code/IS-10500-2012. NOT read from the BIS standard itself.",,,TRUE,FALSE,,,"Transcribed from a secondary reproduction of IS 10500:2012, not from the BIS standard. Check against the purchased standard before verifying."
Water,total_hardness,Total hardness (as CaCO3),IS 10500:2012,Drinking water - permissible limit in absence of alternate source,Not applicable,maximum,600,mg/l,BIS,"IS 10500:2012 Drinking Water - Specification, as reproduced in the Arghyam presentation hosted by India Water Portal and cross-checked against infralens.in/code/IS-10500-2012. NOT read from the BIS standard itself.",,,TRUE,FALSE,,,"Transcribed from a secondary reproduction of IS 10500:2012, not from the BIS standard. Check against the purchased standard before verifying."
Water,aluminium,Aluminium (as Al),IS 10500:2012,Drinking water - acceptable limit,Not applicable,maximum,0.03,mg/l,BIS,"IS 10500:2012 Drinking Water - Specification, as reproduced in the Arghyam presentation hosted by India Water Portal and cross-checked against infralens.in/code/IS-10500-2012. NOT read from the BIS standard itself.",,,TRUE,FALSE,,,"Transcribed from a secondary reproduction of IS 10500:2012, not from the BIS standard. Check against the purchased standard before verifying."
Water,aluminium,Aluminium (as Al),IS 10500:2012,Drinking water - permissible limit in absence of alternate source,Not applicable,maximum,0.2,mg/l,BIS,"IS 10500:2012 Drinking Water - Specification, as reproduced in the Arghyam presentation hosted by India Water Portal and cross-checked against infralens.in/code/IS-10500-2012. NOT read from the BIS standard itself.",,,TRUE,FALSE,,,"Transcribed from a secondary reproduction of IS 10500:2012, not from the BIS standard. Check against the purchased standard before verifying."
Water,ammonia,Ammonia (as total ammonia-N),IS 10500:2012,Drinking water - acceptable limit,Not applicable,maximum,0.5,mg/l,BIS,"IS 10500:2012 Drinking Water - Specification, as reproduced in the Arghyam presentation hosted by India Water Portal and cross-checked against infralens.in/code/IS-10500-2012. NOT read from the BIS standard itself.",,,TRUE,FALSE,,,"Transcribed from a secondary reproduction of IS 10500:2012, not from the BIS standard. Check against the purchased standard before verifying. The standard prints 'No relaxation' for the permissible limit."
Water,barium,Barium (as Ba),IS 10500:2012,Drinking water - acceptable limit,Not applicable,maximum,0.7,mg/l,BIS,"IS 10500:2012 Drinking Water - Specification, as reproduced in the Arghyam presentation hosted by India Water Portal and cross-checked against infralens.in/code/IS-10500-2012. NOT read from the BIS standard itself.",,,TRUE,FALSE,,,"Transcribed from a secondary reproduction of IS 10500:2012, not from the BIS standard. Check against the purchased standard before verifying. The standard prints 'No relaxation' for the permissible limit."
Water,iron,Iron (as Fe),IS 10500:2012,Drinking water - acceptable limit,Not applicable,maximum,0.3,mg/l,BIS,"IS 10500:2012 Drinking Water - Specification, as reproduced in the Arghyam presentation hosted by India Water Portal and cross-checked against infralens.in/code/IS-10500-2012. NOT read from the BIS standard itself.",,,TRUE,FALSE,,,"Transcribed from a secondary reproduction of IS 10500:2012, not from the BIS standard. Check against the purchased standard before verifying. The standard prints 'No relaxation' for the permissible limit."
Water,manganese,Manganese (as Mn),IS 10500:2012,Drinking water - acceptable limit,Not applicable,maximum,0.1,mg/l,BIS,"IS 10500:2012 Drinking Water - Specification, as reproduced in the Arghyam presentation hosted by India Water Portal and cross-checked against infralens.in/code/IS-10500-2012. NOT read from the BIS standard itself.",,,TRUE,FALSE,,,"Transcribed from a secondary reproduction of IS 10500:2012, not from the BIS standard. Check against the purchased standard before verifying."
Water,manganese,Manganese (as Mn),IS 10500:2012,Drinking water - permissible limit in absence of alternate source,Not applicable,maximum,0.3,mg/l,BIS,"IS 10500:2012 Drinking Water - Specification, as reproduced in the Arghyam presentation hosted by India Water Portal and cross-checked against infralens.in/code/IS-10500-2012. NOT read from the BIS standard itself.",,,TRUE,FALSE,,,"Transcribed from a secondary reproduction of IS 10500:2012, not from the BIS standard. Check against the purchased standard before verifying."
Water,sulphate,Sulphate (as SO4),IS 10500:2012,Drinking water - acceptable limit,Not applicable,maximum,200,mg/l,BIS,"IS 10500:2012 Drinking Water - Specification, as reproduced in the Arghyam presentation hosted by India Water Portal and cross-checked against infralens.in/code/IS-10500-2012. NOT read from the BIS standard itself.",,,TRUE,FALSE,,,"Transcribed from a secondary reproduction of IS 10500:2012, not from the BIS standard. Check against the purchased standard before verifying."
Water,sulphate,Sulphate (as SO4),IS 10500:2012,Drinking water - permissible limit in absence of alternate source,Not applicable,maximum,400,mg/l,BIS,"IS 10500:2012 Drinking Water - Specification, as reproduced in the Arghyam presentation hosted by India Water Portal and cross-checked against infralens.in/code/IS-10500-2012. NOT read from the BIS standard itself.",,,TRUE,FALSE,,,"Transcribed from a secondary reproduction of IS 10500:2012, not from the BIS standard. Check against the purchased standard before verifying."
Water,nitrate,Nitrate (as NO3),IS 10500:2012,Drinking water - acceptable limit,Not applicable,maximum,45,mg/l,BIS,"IS 10500:2012 Drinking Water - Specification, as reproduced in the Arghyam presentation hosted by India Water Portal and cross-checked against infralens.in/code/IS-10500-2012. NOT read from the BIS standard itself.",,,TRUE,FALSE,,,"Transcribed from a secondary reproduction of IS 10500:2012, not from the BIS standard. Check against the purchased standard before verifying. The standard prints 'No relaxation' for the permissible limit."
Water,chloride,Chloride (as Cl),IS 10500:2012,Drinking water - acceptable limit,Not applicable,maximum,250,mg/l,BIS,"IS 10500:2012 Drinking Water - Specification, as reproduced in the Arghyam presentation hosted by India Water Portal and cross-checked against infralens.in/code/IS-10500-2012. NOT read from the BIS standard itself.",,,TRUE,FALSE,,,"Transcribed from a secondary reproduction of IS 10500:2012, not from the BIS standard. Check against the purchased standard before verifying."
Water,chloride,Chloride (as Cl),IS 10500:2012,Drinking water - permissible limit in absence of alternate source,Not applicable,maximum,1000,mg/l,BIS,"IS 10500:2012 Drinking Water - Specification, as reproduced in the Arghyam presentation hosted by India Water Portal and cross-checked against infralens.in/code/IS-10500-2012. NOT read from the BIS standard itself.",,,TRUE,FALSE,,,"Transcribed from a secondary reproduction of IS 10500:2012, not from the BIS standard. Check against the purchased standard before verifying."
Water,fluoride,Fluoride (as F),IS 10500:2012,Drinking water - acceptable limit,Not applicable,maximum,1,mg/l,BIS,"IS 10500:2012 Drinking Water - Specification, as reproduced in the Arghyam presentation hosted by India Water Portal and cross-checked against infralens.in/code/IS-10500-2012. NOT read from the BIS standard itself.",,,TRUE,FALSE,,,"Transcribed from a secondary reproduction of IS 10500:2012, not from the BIS standard. Check against the purchased standard before verifying."
Water,fluoride,Fluoride (as F),IS 10500:2012,Drinking water - permissible limit in absence of alternate source,Not applicable,maximum,1.5,mg/l,BIS,"IS 10500:2012 Drinking Water - Specification, as reproduced in the Arghyam presentation hosted by India Water Portal and cross-checked against infralens.in/code/IS-10500-2012. NOT read from the BIS standard itself.",,,TRUE,FALSE,,,"Transcribed from a secondary reproduction of IS 10500:2012, not from the BIS standard. Check against the purchased standard before verifying."
Water,arsenic,Total arsenic (as As),IS 10500:2012,Drinking water - acceptable limit,Not applicable,maximum,0.01,mg/l,BIS,"IS 10500:2012 Drinking Water - Specification, as reproduced in the Arghyam presentation hosted by India Water Portal and cross-checked against infralens.in/code/IS-10500-2012. NOT read from the BIS standard itself.",,,TRUE,FALSE,,,"Transcribed from a secondary reproduction of IS 10500:2012, not from the BIS standard. Check against the purchased standard before verifying."
Water,arsenic,Total arsenic (as As),IS 10500:2012,Drinking water - permissible limit in absence of alternate source,Not applicable,maximum,0.05,mg/l,BIS,"IS 10500:2012 Drinking Water - Specification, as reproduced in the Arghyam presentation hosted by India Water Portal and cross-checked against infralens.in/code/IS-10500-2012. NOT read from the BIS standard itself.",,,TRUE,FALSE,,,"Transcribed from a secondary reproduction of IS 10500:2012, not from the BIS standard. Check against the purchased standard before verifying."
Water,total_chromium,Total chromium (as Cr),IS 10500:2012,Drinking water - acceptable limit,Not applicable,maximum,0.05,mg/l,BIS,"IS 10500:2012 Drinking Water - Specification, as reproduced in the Arghyam presentation hosted by India Water Portal and cross-checked against infralens.in/code/IS-10500-2012. NOT read from the BIS standard itself.",,,TRUE,FALSE,,,"Transcribed from a secondary reproduction of IS 10500:2012, not from the BIS standard. Check against the purchased standard before verifying. The standard prints 'No relaxation' for the permissible limit."
Water,copper,Copper (as Cu),IS 10500:2012,Drinking water - acceptable limit,Not applicable,maximum,0.05,mg/l,BIS,"IS 10500:2012 Drinking Water - Specification, as reproduced in the Arghyam presentation hosted by India Water Portal and cross-checked against infralens.in/code/IS-10500-2012. NOT read from the BIS standard itself.",,,TRUE,FALSE,,,"Transcribed from a secondary reproduction of IS 10500:2012, not from the BIS standard. Check against the purchased standard before verifying."
Water,copper,Copper (as Cu),IS 10500:2012,Drinking water - permissible limit in absence of alternate source,Not applicable,maximum,1.5,mg/l,BIS,"IS 10500:2012 Drinking Water - Specification, as reproduced in the Arghyam presentation hosted by India Water Portal and cross-checked against infralens.in/code/IS-10500-2012. NOT read from the BIS standard itself.",,,TRUE,FALSE,,,"Transcribed from a secondary reproduction of IS 10500:2012, not from the BIS standard. Check against the purchased standard before verifying."
Water,cyanide,Cyanide (as CN),IS 10500:2012,Drinking water - acceptable limit,Not applicable,maximum,0.05,mg/l,BIS,"IS 10500:2012 Drinking Water - Specification, as reproduced in the Arghyam presentation hosted by India Water Portal and cross-checked against infralens.in/code/IS-10500-2012. NOT read from the BIS standard itself.",,,TRUE,FALSE,,,"Transcribed from a secondary reproduction of IS 10500:2012, not from the BIS standard. Check against the purchased standard before verifying. The standard prints 'No relaxation' for the permissible limit."
Water,lead,Lead (as Pb),IS 10500:2012,Drinking water - acceptable limit,Not applicable,maximum,0.01,mg/l,BIS,"IS 10500:2012 Drinking Water - Specification, as reproduced in the Arghyam presentation hosted by India Water Portal and cross-checked against infralens.in/code/IS-10500-2012. NOT read from the BIS standard itself.",,,TRUE,FALSE,,,"Transcribed from a secondary reproduction of IS 10500:2012, not from the BIS standard. Check against the purchased standard before verifying. The standard prints 'No relaxation' for the permissible limit."
Water,mercury,Mercury (as Hg),IS 10500:2012,Drinking water - acceptable limit,Not applicable,maximum,0.001,mg/l,BIS,"IS 10500:2012 Drinking Water - Specification, as reproduced in the Arghyam presentation hosted by India Water Portal and cross-checked against infralens.in/code/IS-10500-2012. NOT read from the BIS standard itself.",,,TRUE,FALSE,,,"Transcribed from a secondary reproduction of IS 10500:2012, not from the BIS standard. Check against the purchased standard before verifying. The standard prints 'No relaxation' for the permissible limit."
Water,zinc,Zinc (as Zn),IS 10500:2012,Drinking water - acceptable limit,Not applicable,maximum,5,mg/l,BIS,"IS 10500:2012 Drinking Water - Specification, as reproduced in the Arghyam presentation hosted by India Water Portal and cross-checked against infralens.in/code/IS-10500-2012. NOT read from the BIS standard itself.",,,TRUE,FALSE,,,"Transcribed from a secondary reproduction of IS 10500:2012, not from the BIS standard. Check against the purchased standard before verifying."
Water,zinc,Zinc (as Zn),IS 10500:2012,Drinking water - permissible limit in absence of alternate source,Not applicable,maximum,15,mg/l,BIS,"IS 10500:2012 Drinking Water - Specification, as reproduced in the Arghyam presentation hosted by India Water Portal and cross-checked against infralens.in/code/IS-10500-2012. NOT read from the BIS standard itself.",,,TRUE,FALSE,,,"Transcribed from a secondary reproduction of IS 10500:2012, not from the BIS standard. Check against the purchased standard before verifying."
Water,total_coliform,Total coliform bacteria,IS 10500:2012,Drinking water - acceptable limit,Not applicable,maximum,0,MPN/100ml,BIS,"IS 10500:2012 Drinking Water - Specification, as reproduced in the Arghyam presentation hosted by India Water Portal and cross-checked against infralens.in/code/IS-10500-2012. NOT read from the BIS standard itself.",,,TRUE,FALSE,,,"Transcribed from a secondary reproduction of IS 10500:2012, not from the BIS standard. Check against the purchased standard before verifying. The standard prints 'No relaxation' for the permissible limit."
Water,e_coli,E. coli,IS 10500:2012,Drinking water - acceptable limit,Not applicable,maximum,0,MPN/100ml,BIS,"IS 10500:2012 Drinking Water - Specification, as reproduced in the Arghyam presentation hosted by India Water Portal and cross-checked against infralens.in/code/IS-10500-2012. NOT read from the BIS standard itself.",,,TRUE,FALSE,,,"Transcribed from a secondary reproduction of IS 10500:2012, not from the BIS standard. Check against the purchased standard before verifying. The standard prints 'No relaxation' for the permissible limit."
Water,residual_free_chlorine,Residual free chlorine,IS 10500:2012,Drinking water - acceptable limit,Not applicable,minimum,0.2,mg/l,BIS,"IS 10500:2012 Drinking Water - Specification, as reproduced in the Arghyam presentation hosted by India Water Portal and cross-checked against infralens.in/code/IS-10500-2012. NOT read from the BIS standard itself.",,,TRUE,FALSE,,,"Transcribed from a secondary reproduction of IS 10500:2012, not from the BIS standard. Check against the purchased standard before verifying. The standard prints 'No relaxation' for the permissible limit."
