industry,parameter_name,display_name,limit_type,limit_value,unit,basis,standard_name,authority,reference,verified,notes
Integrated iron and steel,wastewater_generation,Waste water generation quantum,maximum,16,m3/t,per tonne of finished steel,EP Rules 1986 Schedule VI Part-B,MoEFCC,"Environment (Protection) Rules, 1986, Schedule VI, Part-B: Waste Water Generation Standards",FALSE,
Sugar,wastewater_generation,Waste water generation quantum,maximum,0.4,m3/t,per tonne of cane crushed,EP Rules 1986 Schedule VI Part-B,MoEFCC,"Environment (Protection) Rules, 1986, Schedule VI, Part-B: Waste Water Generation Standards",FALSE,"Relevant to Solapur: sugar is a major district industry."
Pulp and paper - larger,wastewater_generation,Waste water generation quantum,maximum,175,m3/t,per tonne of paper produced,EP Rules 1986 Schedule VI Part-B,MoEFCC,"Environment (Protection) Rules, 1986, Schedule VI, Part-B: Waste Water Generation Standards",FALSE,
Viscose staple fibre,wastewater_generation,Waste water generation quantum,maximum,150,m3/t,per tonne of product,EP Rules 1986 Schedule VI Part-B,MoEFCC,"Environment (Protection) Rules, 1986, Schedule VI, Part-B: Waste Water Generation Standards",FALSE,
Viscose filament yarn,wastewater_generation,Waste water generation quantum,maximum,500,m3/t,per tonne of product,EP Rules 1986 Schedule VI Part-B,MoEFCC,"Environment (Protection) Rules, 1986, Schedule VI, Part-B: Waste Water Generation Standards",FALSE,
Pulp and paper - small agro residue based,wastewater_generation,Waste water generation quantum,maximum,150,m3/t,per tonne of paper produced,EP Rules 1986 Schedule VI Part-B,MoEFCC,"Environment (Protection) Rules, 1986, Schedule VI, Part-B: Waste Water Generation Standards",FALSE,
Pulp and paper - small waste paper based,wastewater_generation,Waste water generation quantum,maximum,50,m3/t,per tonne of paper produced,EP Rules 1986 Schedule VI Part-B,MoEFCC,"Environment (Protection) Rules, 1986, Schedule VI, Part-B: Waste Water Generation Standards",FALSE,
Maltry,wastewater_generation,Waste water generation quantum,maximum,3.5,m3/t,per tonne of grain produced,EP Rules 1986 Schedule VI Part-B,MoEFCC,"Environment (Protection) Rules, 1986, Schedule VI, Part-B: Waste Water Generation Standards",FALSE,
Brewery,wastewater_generation,Waste water generation quantum,maximum,0.25,m3/kL,per kL of beer produced,EP Rules 1986 Schedule VI Part-B,MoEFCC,"Environment (Protection) Rules, 1986, Schedule VI, Part-B: Waste Water Generation Standards",FALSE,"The schedule prints this as '0,.25'; read as 0.25. Confirm against the gazette before verifying."
Distillery,wastewater_generation,Waste water generation quantum,maximum,12,m3/kL,per kL of alcohol produced,EP Rules 1986 Schedule VI Part-B,MoEFCC,"Environment (Protection) Rules, 1986, Schedule VI, Part-B: Waste Water Generation Standards",FALSE,"Relevant to Solapur: distilleries attached to sugar mills."
Caustic soda - membrane cell,wastewater_generation,Waste water generation quantum,maximum,1,m3/t,per tonne of caustic soda produced excluding cooling tower blowdown,EP Rules 1986 Schedule VI Part-B,MoEFCC,"Environment (Protection) Rules, 1986, Schedule VI, Part-B: Waste Water Generation Standards",FALSE,
Caustic soda - mercury cell,wastewater_generation,Waste water generation quantum,maximum,4,m3/t,per tonne of caustic soda produced (mercury bearing),EP Rules 1986 Schedule VI Part-B,MoEFCC,"Environment (Protection) Rules, 1986, Schedule VI, Part-B: Waste Water Generation Standards",FALSE,"10 percent blowdown permitted for cooling tower."
Textile - nylon and polyester,wastewater_generation,Waste water generation quantum,maximum,120,m3/t,per tonne of fibre produced,EP Rules 1986 Schedule VI Part-B,MoEFCC,"Environment (Protection) Rules, 1986, Schedule VI, Part-B: Waste Water Generation Standards",FALSE,"Relevant to Solapur: textile and powerloom industry."
Textile - viscose rayon,wastewater_generation,Waste water generation quantum,maximum,150,m3/t,per tonne of product,EP Rules 1986 Schedule VI Part-B,MoEFCC,"Environment (Protection) Rules, 1986, Schedule VI, Part-B: Waste Water Generation Standards",FALSE,
Tanneries,wastewater_generation,Waste water generation quantum,maximum,28,m3/t,per tonne of raw hide,EP Rules 1986 Schedule VI Part-B,MoEFCC,"Environment (Protection) Rules, 1986, Schedule VI, Part-B: Waste Water Generation Standards",FALSE,
Starch glucose and related products,wastewater_generation,Waste water generation quantum,maximum,8,m3/t,per tonne of maize crushed,EP Rules 1986 Schedule VI Part-B,MoEFCC,"Environment (Protection) Rules, 1986, Schedule VI, Part-B: Waste Water Generation Standards",FALSE,
Dairy,wastewater_generation,Waste water generation quantum,maximum,3,m3/kL,per kL of milk,EP Rules 1986 Schedule VI Part-B,MoEFCC,"Environment (Protection) Rules, 1986, Schedule VI, Part-B: Waste Water Generation Standards",FALSE,"Relevant to Solapur: dairy processing."
Natural rubber processing,wastewater_generation,Waste water generation quantum,maximum,4,m3/t,per tonne of rubber,EP Rules 1986 Schedule VI Part-B,MoEFCC,"Environment (Protection) Rules, 1986, Schedule VI, Part-B: Waste Water Generation Standards",FALSE,
Fertilizer - straight nitrogenous,wastewater_generation,Waste water generation quantum,maximum,5,m3/t,per tonne of urea or equivalent produced,EP Rules 1986 Schedule VI Part-B,MoEFCC,"Environment (Protection) Rules, 1986, Schedule VI, Part-B: Waste Water Generation Standards",FALSE,
Fertilizer - straight phosphatic (SSP and TSP),wastewater_generation,Waste water generation quantum,maximum,0.5,m3/t,per tonne of SSP or TSP excluding manufacture of any acid,EP Rules 1986 Schedule VI Part-B,MoEFCC,"Environment (Protection) Rules, 1986, Schedule VI, Part-B: Waste Water Generation Standards",FALSE,"For complex fertilizer the schedule applies the nitrogenous or phosphatic standard depending on the primary product."
