module,item,scope,value,unit,qualifier,source,reference,as_of,status
Water,Annual extractable groundwater resource,Akkalkot taluka,13277.9,ham,,GSDA Pune & CGWB Central Region Nagpur,"Report on the Dynamic Groundwater Resources of Maharashtra 2023 (March 2024), taluka-wise categorisation table",2023,COLLECTED
Water,Total groundwater extraction,Akkalkot taluka,7477.3,ham,,GSDA Pune & CGWB Central Region Nagpur,"Report on the Dynamic Groundwater Resources of Maharashtra 2023 (March 2024), taluka-wise categorisation table",2023,COLLECTED
Water,Stage of groundwater extraction,Akkalkot taluka,56.3,%,safe,GSDA Pune & CGWB Central Region Nagpur,"Report on the Dynamic Groundwater Resources of Maharashtra 2023 (March 2024), taluka-wise categorisation table",2023,COLLECTED
Water,Net groundwater available for future use,Akkalkot taluka,5800.6,ham,,GSDA Pune & CGWB Central Region Nagpur,"Report on the Dynamic Groundwater Resources of Maharashtra 2023 (March 2024), taluka-wise categorisation table",2023,COLLECTED
Water,Annual extractable groundwater resource,Barshi taluka,10214.5,ham,,GSDA Pune & CGWB Central Region Nagpur,"Report on the Dynamic Groundwater Resources of Maharashtra 2023 (March 2024), taluka-wise categorisation table",2023,COLLECTED
Water,Total groundwater extraction,Barshi taluka,8098.6,ham,,GSDA Pune & CGWB Central Region Nagpur,"Report on the Dynamic Groundwater Resources of Maharashtra 2023 (March 2024), taluka-wise categorisation table",2023,COLLECTED
Water,Stage of groundwater extraction,Barshi taluka,79.3,%,semi_critical,GSDA Pune & CGWB Central Region Nagpur,"Report on the Dynamic Groundwater Resources of Maharashtra 2023 (March 2024), taluka-wise categorisation table",2023,COLLECTED
Water,Net groundwater available for future use,Barshi taluka,2115.9,ham,,GSDA Pune & CGWB Central Region Nagpur,"Report on the Dynamic Groundwater Resources of Maharashtra 2023 (March 2024), taluka-wise categorisation table",2023,COLLECTED
Water,Annual extractable groundwater resource,Karmala taluka,11567.3,ham,,GSDA Pune & CGWB Central Region Nagpur,"Report on the Dynamic Groundwater Resources of Maharashtra 2023 (March 2024), taluka-wise categorisation table",2023,COLLECTED
Water,Total groundwater extraction,Karmala taluka,8361.2,ham,,GSDA Pune & CGWB Central Region Nagpur,"Report on the Dynamic Groundwater Resources of Maharashtra 2023 (March 2024), taluka-wise categorisation table",2023,COLLECTED
Water,Stage of groundwater extraction,Karmala taluka,72.3,%,semi_critical,GSDA Pune & CGWB Central Region Nagpur,"Report on the Dynamic Groundwater Resources of Maharashtra 2023 (March 2024), taluka-wise categorisation table",2023,COLLECTED
Water,Net groundwater available for future use,Karmala taluka,3338.1,ham,,GSDA Pune & CGWB Central Region Nagpur,"Report on the Dynamic Groundwater Resources of Maharashtra 2023 (March 2024), taluka-wise categorisation table",2023,COLLECTED
Water,Annual extractable groundwater resource,Madha taluka,15763.3,ham,,GSDA Pune & CGWB Central Region Nagpur,"Report on the Dynamic Groundwater Resources of Maharashtra 2023 (March 2024), taluka-wise categorisation table",2023,COLLECTED
Water,Total groundwater extraction,Madha taluka,12846.4,ham,,GSDA Pune & CGWB Central Region Nagpur,"Report on the Dynamic Groundwater Resources of Maharashtra 2023 (March 2024), taluka-wise categorisation table",2023,COLLECTED
Water,Stage of groundwater extraction,Madha taluka,81.5,%,semi_critical,GSDA Pune & CGWB Central Region Nagpur,"Report on the Dynamic Groundwater Resources of Maharashtra 2023 (March 2024), taluka-wise categorisation table",2023,COLLECTED
Water,Net groundwater available for future use,Madha taluka,3969.8,ham,,GSDA Pune & CGWB Central Region Nagpur,"Report on the Dynamic Groundwater Resources of Maharashtra 2023 (March 2024), taluka-wise categorisation table",2023,COLLECTED
Water,Annual extractable groundwater resource,Malshiras taluka,19557.2,ham,,GSDA Pune & CGWB Central Region Nagpur,"Report on the Dynamic Groundwater Resources of Maharashtra 2023 (March 2024), taluka-wise categorisation table",2023,COLLECTED
Water,Total groundwater extraction,Malshiras taluka,19797.6,ham,,GSDA Pune & CGWB Central Region Nagpur,"Report on the Dynamic Groundwater Resources of Maharashtra 2023 (March 2024), taluka-wise categorisation table",2023,COLLECTED
Water,Stage of groundwater extraction,Malshiras taluka,101.2,%,over_exploited,GSDA Pune & CGWB Central Region Nagpur,"Report on the Dynamic Groundwater Resources of Maharashtra 2023 (March 2024), taluka-wise categorisation table",2023,COLLECTED
Water,Net groundwater available for future use,Malshiras taluka,3399.5,ham,,GSDA Pune & CGWB Central Region Nagpur,"Report on the Dynamic Groundwater Resources of Maharashtra 2023 (March 2024), taluka-wise categorisation table",2023,COLLECTED
Water,Annual extractable groundwater resource,Mangalwedha taluka,9071.0,ham,,GSDA Pune & CGWB Central Region Nagpur,"Report on the Dynamic Groundwater Resources of Maharashtra 2023 (March 2024), taluka-wise categorisation table",2023,COLLECTED
Water,Total groundwater extraction,Mangalwedha taluka,6767.0,ham,,GSDA Pune & CGWB Central Region Nagpur,"Report on the Dynamic Groundwater Resources of Maharashtra 2023 (March 2024), taluka-wise categorisation table",2023,COLLECTED
Water,Stage of groundwater extraction,Mangalwedha taluka,74.6,%,semi_critical,GSDA Pune & CGWB Central Region Nagpur,"Report on the Dynamic Groundwater Resources of Maharashtra 2023 (March 2024), taluka-wise categorisation table",2023,COLLECTED
Water,Net groundwater available for future use,Mangalwedha taluka,2306.1,ham,,GSDA Pune & CGWB Central Region Nagpur,"Report on the Dynamic Groundwater Resources of Maharashtra 2023 (March 2024), taluka-wise categorisation table",2023,COLLECTED
Water,Annual extractable groundwater resource,Mohol taluka,13546.1,ham,,GSDA Pune & CGWB Central Region Nagpur,"Report on the Dynamic Groundwater Resources of Maharashtra 2023 (March 2024), taluka-wise categorisation table",2023,COLLECTED
Water,Total groundwater extraction,Mohol taluka,11950.7,ham,,GSDA Pune & CGWB Central Region Nagpur,"Report on the Dynamic Groundwater Resources of Maharashtra 2023 (March 2024), taluka-wise categorisation table",2023,COLLECTED
Water,Stage of groundwater extraction,Mohol taluka,88.2,%,semi_critical,GSDA Pune & CGWB Central Region Nagpur,"Report on the Dynamic Groundwater Resources of Maharashtra 2023 (March 2024), taluka-wise categorisation table",2023,COLLECTED
Water,Net groundwater available for future use,Mohol taluka,2957.1,ham,,GSDA Pune & CGWB Central Region Nagpur,"Report on the Dynamic Groundwater Resources of Maharashtra 2023 (March 2024), taluka-wise categorisation table",2023,COLLECTED
Water,Annual extractable groundwater resource,North Solapur taluka,6270.2,ham,,GSDA Pune & CGWB Central Region Nagpur,"Report on the Dynamic Groundwater Resources of Maharashtra 2023 (March 2024), taluka-wise categorisation table",2023,COLLECTED
Water,Total groundwater extraction,North Solapur taluka,4210.0,ham,,GSDA Pune & CGWB Central Region Nagpur,"Report on the Dynamic Groundwater Resources of Maharashtra 2023 (March 2024), taluka-wise categorisation table",2023,COLLECTED
Water,Stage of groundwater extraction,North Solapur taluka,67.1,%,safe,GSDA Pune & CGWB Central Region Nagpur,"Report on the Dynamic Groundwater Resources of Maharashtra 2023 (March 2024), taluka-wise categorisation table",2023,COLLECTED
Water,Net groundwater available for future use,North Solapur taluka,2082.5,ham,,GSDA Pune & CGWB Central Region Nagpur,"Report on the Dynamic Groundwater Resources of Maharashtra 2023 (March 2024), taluka-wise categorisation table",2023,COLLECTED
Water,Annual extractable groundwater resource,Pandharpur taluka,14527.1,ham,,GSDA Pune & CGWB Central Region Nagpur,"Report on the Dynamic Groundwater Resources of Maharashtra 2023 (March 2024), taluka-wise categorisation table",2023,COLLECTED
Water,Total groundwater extraction,Pandharpur taluka,10802.2,ham,,GSDA Pune & CGWB Central Region Nagpur,"Report on the Dynamic Groundwater Resources of Maharashtra 2023 (March 2024), taluka-wise categorisation table",2023,COLLECTED
Water,Stage of groundwater extraction,Pandharpur taluka,74.4,%,semi_critical,GSDA Pune & CGWB Central Region Nagpur,"Report on the Dynamic Groundwater Resources of Maharashtra 2023 (March 2024), taluka-wise categorisation table",2023,COLLECTED
Water,Net groundwater available for future use,Pandharpur taluka,4457.3,ham,,GSDA Pune & CGWB Central Region Nagpur,"Report on the Dynamic Groundwater Resources of Maharashtra 2023 (March 2024), taluka-wise categorisation table",2023,COLLECTED
Water,Annual extractable groundwater resource,South Solapur taluka,10553.8,ham,,GSDA Pune & CGWB Central Region Nagpur,"Report on the Dynamic Groundwater Resources of Maharashtra 2023 (March 2024), taluka-wise categorisation table",2023,COLLECTED
Water,Total groundwater extraction,South Solapur taluka,6718.5,ham,,GSDA Pune & CGWB Central Region Nagpur,"Report on the Dynamic Groundwater Resources of Maharashtra 2023 (March 2024), taluka-wise categorisation table",2023,COLLECTED
Water,Stage of groundwater extraction,South Solapur taluka,63.7,%,safe,GSDA Pune & CGWB Central Region Nagpur,"Report on the Dynamic Groundwater Resources of Maharashtra 2023 (March 2024), taluka-wise categorisation table",2023,COLLECTED
Water,Net groundwater available for future use,South Solapur taluka,3860.9,ham,,GSDA Pune & CGWB Central Region Nagpur,"Report on the Dynamic Groundwater Resources of Maharashtra 2023 (March 2024), taluka-wise categorisation table",2023,COLLECTED
Water,Annual extractable groundwater resource,Sangola taluka,14613.6,ham,,GSDA Pune & CGWB Central Region Nagpur,"Report on the Dynamic Groundwater Resources of Maharashtra 2023 (March 2024), taluka-wise categorisation table",2023,COLLECTED
Water,Total groundwater extraction,Sangola taluka,10724.7,ham,,GSDA Pune & CGWB Central Region Nagpur,"Report on the Dynamic Groundwater Resources of Maharashtra 2023 (March 2024), taluka-wise categorisation table",2023,COLLECTED
Water,Stage of groundwater extraction,Sangola taluka,73.4,%,semi_critical,GSDA Pune & CGWB Central Region Nagpur,"Report on the Dynamic Groundwater Resources of Maharashtra 2023 (March 2024), taluka-wise categorisation table",2023,COLLECTED
Water,Net groundwater available for future use,Sangola taluka,3888.9,ham,,GSDA Pune & CGWB Central Region Nagpur,"Report on the Dynamic Groundwater Resources of Maharashtra 2023 (March 2024), taluka-wise categorisation table",2023,COLLECTED
Air,PM10 annual average,Solapur city monitoring network,93,ug/m3,"366 days monitored; 161 days above the PM10 NAAQS",Centre for Research on Energy and Clean Air,"Tracing the Hazy Air 2025: Progress Report on NCAP, PM10 city table (analysis of CPCB data)",2024,COLLECTED_SECONDARY
Air,PM2.5 annual average,Solapur city monitoring network,39,ug/m3,"366 days monitored; 50 days above the PM2.5 NAAQS",Centre for Research on Energy and Clean Air,"Tracing the Hazy Air 2025: Progress Report on NCAP, PM2.5 city table (analysis of CPCB data)",2024,COLLECTED_SECONDARY
Water,Surface water quality index,Chandrabhaga river U/s Pandharpur town (station 1911 Gursale Pandharpur),69,WQI,"April 61.02; Oct/Dec 79.36; 2011-12 to 2022-23 trend deteriorated CAGR -1.47%",MPCB,"Water Quality Status of Maharashtra 2022-2023, Table 42 (Pune RO) and the WQI trend table",2022-23,COLLECTED
Water,Surface water quality index,Chandrabhaga river D/s Pandharpur town near Vishnupant Mandir (station 1912 Gopalpur Pandharpur),66,WQI,"April dry; Oct/Dec 70.69; trend improved CAGR 1.26%",MPCB,"Water Quality Status of Maharashtra 2022-2023, Table 42 (Pune RO) and the WQI trend table",2022-23,COLLECTED
Water,Surface water quality index,Bhima river at Narsingpur near Sangam Bridge after confluence with Nira (station 1188 Malshiras),69,WQI,"April 63.41; Oct/Dec 70.98; trend improved CAGR 1.61%",MPCB,"Water Quality Status of Maharashtra 2022-2023, Table 42 (Pune RO) and the WQI trend table",2022-23,COLLECTED
Water,Surface water quality index,Sina river near Laboti till naka (station 2705 Mohol),68,WQI,"April 69.21; Oct/Dec 76.85; trend improved CAGR 1.27%",MPCB,"Water Quality Status of Maharashtra 2022-2023, Table 42 (Pune RO) and the WQI trend table",2022-23,COLLECTED
Water,Surface water quality index,Bhima river at Takli (station 28 South Solapur),69,WQI,"April 70.43; Oct/Dec 72.76; trend improved CAGR 1.63%",MPCB,"Water Quality Status of Maharashtra 2022-2023, Table 42 (Pune RO) and the WQI trend table",2022-23,COLLECTED
Water,Surface water quality index,Nalla D/s Alkai Mandir (station 2789 Aklai Malshiras),63,WQI,"April dry; Oct/Dec 67.44; trend deteriorated CAGR -2.36%",MPCB,"Water Quality Status of Maharashtra 2022-2023, Table 42 (Pune RO) and the WQI trend table",2022-23,COLLECTED
Water,Groundwater quality index,Bore well at Bale Railway Station premises (station 2821 Dahegaon North Solapur),279.43,WQI,"April 396.02; Oct/Dec 162.83; groundwater WQI scale - above 100 is not suitable for drinking",MPCB,"Water Quality Status of Maharashtra 2022-2023, Table 42 (Pune RO)",2022-23,COLLECTED
Water,Groundwater quality index,Bore well near Chincholi (station 2822 Mohol),272.06,WQI,"April 381.36; Oct/Dec 162.76",MPCB,"Water Quality Status of Maharashtra 2022-2023, Table 42 (Pune RO)",2022-23,COLLECTED
Water,Groundwater quality index,Bore well at Shete Vasti near old Tuljapur Road (station 2823 Solapur),294.90,WQI,"April 424.08; Oct/Dec 165.72",MPCB,"Water Quality Status of Maharashtra 2022-2023, Table 42 (Pune RO)",2022-23,COLLECTED
Resource,Sewage generation,Solapur Municipal Corporation (Class D),115.2,MLD,"STP installed capacity 102.5 MLD; sewage treated 90.0 MLD",MPCB,"Water Quality Status of Maharashtra 2022-2023, status of sewage treatment tables",2022-23,COLLECTED
Resource,Sewage generation,Barshi Municipal Council (Class A),15.1,MLD,"STP installed capacity 18.5 MLD; sewage treated 15 MLD",MPCB,"Water Quality Status of Maharashtra 2022-2023, status of sewage treatment tables",2022-23,COLLECTED
Resource,Sewage generation,Kurduvadi Municipal Council (Class C),1.8,MLD,no STP installed,MPCB,"Water Quality Status of Maharashtra 2022-2023, status of sewage treatment tables",2022-23,COLLECTED
Resource,Sewage generation,Maindargi Municipal Council (Class C),3.2,MLD,no STP installed,MPCB,"Water Quality Status of Maharashtra 2022-2023, status of sewage treatment tables",2022-23,COLLECTED
Resource,Sewage generation,Karmala Municipal Council (Class C),1.4,MLD,no STP installed,MPCB,"Water Quality Status of Maharashtra 2022-2023, status of sewage treatment tables",2022-23,COLLECTED
Resource,Sewage generation,Dudhani Municipal Council (Class C),1.288,MLD,no STP installed,MPCB,"Water Quality Status of Maharashtra 2022-2023, status of sewage treatment tables",2022-23,COLLECTED
Resource,Sewage generation,Sangola Municipal Council (Class C),3.6,MLD,no STP installed,MPCB,"Water Quality Status of Maharashtra 2022-2023, status of sewage treatment tables",2022-23,COLLECTED
Resource,Sewage generation,Mangalwedha Municipal Council (Class C),2.72,MLD,no STP installed,MPCB,"Water Quality Status of Maharashtra 2022-2023, status of sewage treatment tables",2022-23,COLLECTED
Resource,Sewage generation,Mohol Municipal Council (Class C),0.96,MLD,no STP installed,MPCB,"Water Quality Status of Maharashtra 2022-2023, status of sewage treatment tables",2022-23,COLLECTED
Resource,Sewage generation,Akluj Nagar Panchayat,6.456,MLD,no STP installed,MPCB,"Water Quality Status of Maharashtra 2022-2023, status of sewage treatment tables",2022-23,COLLECTED
Resource,Sewage generation,Vairag Nagar Panchayat,6.16,MLD,no STP installed,MPCB,"Water Quality Status of Maharashtra 2022-2023, status of sewage treatment tables",2022-23,COLLECTED
Resource,Sewage generation,Natepute Nagar Panchayat,4.18,MLD,no STP installed,MPCB,"Water Quality Status of Maharashtra 2022-2023, status of sewage treatment tables",2022-23,COLLECTED
Resource,Sewage generation,Mahalung Shripur Nagar Panchayat,2.8,MLD,no STP installed,MPCB,"Water Quality Status of Maharashtra 2022-2023, status of sewage treatment tables",2022-23,COLLECTED
Resource,Sewage generation,Madha Nagar Panchayat,1.202,MLD,no STP installed,MPCB,"Water Quality Status of Maharashtra 2022-2023, status of sewage treatment tables",2022-23,COLLECTED
Resource,Sewage generation,Malshiras Nagar Panchayat,0.8,MLD,no STP installed,MPCB,"Water Quality Status of Maharashtra 2022-2023, status of sewage treatment tables",2022-23,COLLECTED
Resource,Sewage generation,Anghar Nagar Panchayat,1.22,MLD,no STP installed,MPCB,"Water Quality Status of Maharashtra 2022-2023, status of sewage treatment tables",2022-23,COLLECTED
Ecology,Protected area in Solapur district,Great Indian Bustard Sanctuary (Nannaj),,,"Exists; notified extent not established. Secondary sources give an original notified area of 8469 sq km across Solapur and Ahmednagar districts, and a later reduction was proposed. The actual current notification must be obtained before use.",NOT COLLECTED,Maharashtra Forest Department / MoEFCC notification required,,NOT_COLLECTED
Ecology,Eco-Sensitive Zone notifications,Solapur district,,,No notification located,NOT COLLECTED,moef.gov.in and PARIVESH,,NOT_COLLECTED
Natural hazards,Seismic zone (IS 1893),Solapur district,,,"Secondary sources place Solapur in Zone III with a zone factor of 0.16. Not read from IS 1893 Part 1 or an official zoning map.",NOT COLLECTED,BIS IS 1893 (Part 1) seismic zoning map,,NOT_COLLECTED
Natural hazards,Flood hazard zonation,Solapur district,,,No official zonation located,NOT COLLECTED,Bhuvan / state disaster management authority,,NOT_COLLECTED
Land,Authoritative land use / land cover,Solapur district,,,Bhuvan LULC not retrieved; registration required,NOT COLLECTED,bhuvan.nrsc.gov.in LULC 50k,,NOT_COLLECTED
Air,Measured pollutant concentrations by station,Solapur monitoring stations,,,"CREA's 366-day record implies a continuous station reports from Solapur, but the station name, coordinates and station-level annual averages were not obtained.",NOT COLLECTED,CPCB CAAQMS station list and NAMP annual summaries; MPCB Solapur Emission Inventory and Source Apportionment report (July 2024),,NOT_COLLECTED
Water,Raw surface water parameter concentrations,Solapur NWMP stations,,,"Only the Water Quality Index was published per station in the report read. pH, DO, BOD, COD and coliform values per station were not obtained.",NOT COLLECTED,CPCB NWMP river water quality data files; MPCB station data,,NOT_COLLECTED
Noise,Ambient noise baseline,Solapur district,,,No monitoring station; must be measured on site,NOT COLLECTED,Project or consultant measurement,,NOT_COLLECTED
