source_id,provider,source_name,version_or_date,purpose,source_class,url_or_internal_reference
SRC-METH-V3,Project methodology,EIA Pre-Screening & Sustainability Decision Support Platform — Final Calculation Rule Book v3.0,v3.0 / Sep 2026,"Rules, formulas, scoring bands, weights, status/confidence handling",Methodology source,Internal controlled document: EIA_Calculation_Rulebook_v3_0_FINAL(3).docx
SRC-CPCB-AQI,CPCB,National Air Quality Index / AQI documentation,Current reference reviewed Sep 2026,AQI categories and baseline air sensitivity,Official government source,https://cpcb.nic.in/
SRC-EPA-AP42,US EPA,AP-42 §13.2.3 Heavy Construction Operations,Final section Jan 1995; current AP-42 repository,2.69 Mg TSP/ha/month construction proxy,International proxy,https://www.epa.gov/air-emissions-factors-and-quantification/ap-42-fifth-edition-volume-i-chapter-13-miscellaneous-0
SRC-CGWB-GWRA25,CGWB,Dynamic Ground Water Resources of India / Maharashtra 2025,2025,Assessment-unit groundwater category and annual extractable resource,Official government source,https://cgwb.gov.in/en/ground-water-resource-assessment-0
SRC-CGWA-GWREG,CGWA,Consolidated Ground Water Regulation Guidelines,Current guideline reviewed Sep 2026,Groundwater impact-assessment/modeling triggers and regulatory applicability,Official government source,https://cgwa-noc.gov.in/landingpage/Guidlines/ConsolidateGuidline.pdf
SRC-CPHEEO,CPHEEO / MoHUA,Manual on Water Supply and Treatment / CPHEEO benchmarks,Current reference,135 LPCD domestic/urban planning reference only,Official government reference,https://mohua.gov.in/
SRC-MOEFCC-ESZ,MoEFCC,Eco-Sensitive Zone notifications,Current,Actual notified ESZ boundaries and notification-specific conditions,Official government source,https://moef.gov.in/
SRC-CEA-V21,CEA,CO2 Baseline Database Version 21.0,Version 21.0; FY2024-25 reference used by v3.0,Indian grid electricity emission factor used by the v3 baseline,Official government source,https://cea.nic.in/cdm-co2-baseline-database/?lang=en
SRC-IPCC-2006-V2,IPCC,"2006 Guidelines for National Greenhouse Gas Inventories, Volume 2: Energy",2006 guidelines,"Energy-basis combustion factors for diesel, gasoline, natural gas and LPG",International authoritative reference,https://www.ipcc-nggip.iges.or.jp/public/2006gl/vol2.html
SRC-BEE-PAT,BEE,"Perform, Achieve and Trade (PAT)",Current 2026,Sector-specific Specific Energy Consumption methodology,Official government source,https://beeindia.gov.in/view_content.php?lang=1&lid=613
SRC-CPCB-CD2025,MoEFCC/CPCB,"Environment (Construction and Demolition) Waste Management Rules, 2025",Effective 1 Apr 2026,"Current C&D regulatory basis, EPR/utilisation schedules",Official Gazette / CPCB,https://cpcb.nic.in/uploads/hwmd/C%26D_rules_2025.pdf
SRC-MOEFCC-SWM2026,MoEFCC,"Solid Waste Management Rules, 2026",Effective 1 Apr 2026,Current solid-waste regulatory basis,Official Gazette,https://moef.gov.in/
SRC-CPCB-NOISE,CPCB/MoEFCC,"Noise Pollution (Regulation and Control) Rules, 2000",Current amended rules,Ambient noise limits and day/night periods,Official government source,https://cpcb.nic.in/noise-pollution-rules/
SRC-FTA-NOISE,US FTA,"Transit Noise and Vibration Impact Assessment Manual, Report 0123",2020,Construction-equipment sound-level proxy references,International proxy,https://www.transit.dot.gov/research-innovation/transit-noise-and-vibration-impact-assessment-manual-report-0123
