id_source,industry,factor,coefficient_code,coefficient_name,value,unit,source,reference,methodology_version,conditions,active,effective_from,effective_to
ENG-AIR-01,Construction,AIR,AIR_TSP_CONSTRUCTION_AP42,Construction TSP emission factor,2.69,Mg TSP/ha/month,US EPA,AP-42 §13.2.3 Heavy Construction Operations,3.0,"{""status"":""PROXY"",""applicability"":""General construction screening reference; not India-specific"",""basis"":""Area \u00d7 activity duration""}",True,,
ENG-AIR-02,Construction,AIR,AIR_DUST_CONTROL_STRONG,Strong dust-control factor,0.5,dimensionless,Project methodology,Environmental Impact Calculation Rules v2.0,3.0,"{""status"":""METHODOLOGY"",""applicability"":""MVP screening policy; not a measured regulatory reduction efficiency"",""methodology_version"":""3.0"",""reference"":""EIA Calculation Rule Book v3.0""}",True,,
ENG-AIR-03,Construction,AIR,AIR_DUST_CONTROL_BASIC,Basic dust-control factor,0.75,dimensionless,Project methodology,Environmental Impact Calculation Rules v2.0,3.0,"{""status"":""METHODOLOGY"",""applicability"":""MVP screening policy; not a measured regulatory reduction efficiency"",""methodology_version"":""3.0"",""reference"":""EIA Calculation Rule Book v3.0""}",True,,
ENG-AIR-04,Construction,AIR,AIR_DUST_CONTROL_NONE,No documented dust-control factor,1,dimensionless,Project methodology,Environmental Impact Calculation Rules v2.0,3.0,"{""status"":""METHODOLOGY"",""applicability"":""MVP screening policy; no mitigation credit"",""methodology_version"":""3.0"",""reference"":""EIA Calculation Rule Book v3.0""}",True,,
ENG-CAR-01,,CARBON,CARBON_GRID_CEA_V21,CEA all-India weighted-average grid emission factor (incl. RES + captive; excl. imports),0.7117,tCO2/MWh,Central Electricity Authority,"CO2 Baseline Database for Indian Power Sector, Version 21.0; FY 2024-25",3.0,"{""status"":""VERIFIED"",""basis"":""CEA V21.0"",""equivalent"":""0.7117 kg CO2/kWh"",""scope"":""Location-based electricity emission factor""}",True,2025-11-01,
ENG-CAR-02,,CARBON,CARBON_DIESEL_IPCC_2006,Diesel CO2 emission factor,74100,kg CO2/TJ,IPCC,"2006 IPCC Guidelines for National Greenhouse Gas Inventories, Volume 2, Energy",3.0,"{""status"":""PROXY"",""basis"":""IPCC default combustion factor"",""important"":""Energy-basis factor; do not convert litres to TJ without documented NCV/density""}",True,,
ENG-CAR-03,,CARBON,CARBON_GASOLINE_IPCC_2006,Gasoline/petrol CO2 emission factor,69300,kg CO2/TJ,IPCC,"2006 IPCC Guidelines for National Greenhouse Gas Inventories, Volume 2, Energy",3.0,"{""status"":""PROXY"",""basis"":""IPCC default combustion factor"",""important"":""Energy-basis factor; do not convert litres to TJ without documented NCV/density""}",True,,
ENG-CAR-04,,CARBON,CARBON_NATURAL_GAS_IPCC_2006,Natural gas CO2 emission factor,56100,kg CO2/TJ,IPCC,"2006 IPCC Guidelines for National Greenhouse Gas Inventories, Volume 2, Energy",3.0,"{""status"":""PROXY"",""basis"":""IPCC default combustion factor"",""important"":""Energy-basis factor; do not convert m3 to TJ without documented NCV/composition/basis""}",True,,
ENG-CAR-05,,CARBON,CARBON_LPG_IPCC_2006,LPG CO2 emission factor,63100,kg CO2/TJ,IPCC,"2006 IPCC Guidelines for National Greenhouse Gas Inventories, Volume 2, Energy",3.0,"{""status"":""PROXY"",""basis"":""IPCC default combustion factor"",""important"":""Energy-basis factor; do not convert kg to TJ without documented NCV""}",True,,
N-01,Construction,NOISE,NOISE_AIR_COMPRESSOR,Air Compressor reference sound level,80,dB(A),FTA,FTA construction-noise reference; reference distance 15.24 m (50 ft),3.0,"{""status"":""PROXY"",""equipment"":""Air Compressor"",""reference_distance_m"":15.24,""applicability"":""International FTA construction-equipment source-level reference; not an Indian legal limit"",""reference_distance_ft"":50}",True,,
N-02,Construction,NOISE,NOISE_BACKHOE,Backhoe reference sound level,80,dB(A),FTA,FTA construction-noise reference; reference distance 15.24 m (50 ft),3.0,"{""status"":""PROXY"",""equipment"":""Backhoe"",""reference_distance_m"":15.24,""applicability"":""International FTA construction-equipment source-level reference; not an Indian legal limit"",""reference_distance_ft"":50}",True,,
N-03,Construction,NOISE,NOISE_COMPACTOR,Compactor reference sound level,82,dB(A),FTA,FTA construction-noise reference; reference distance 15.24 m (50 ft),3.0,"{""status"":""PROXY"",""equipment"":""Compactor"",""reference_distance_m"":15.24,""applicability"":""International FTA construction-equipment source-level reference; not an Indian legal limit"",""reference_distance_ft"":50}",True,,
N-04,Construction,NOISE,NOISE_CONCRETE_MIXER,Concrete Mixer reference sound level,85,dB(A),FTA,FTA construction-noise reference; reference distance 15.24 m (50 ft),3.0,"{""status"":""PROXY"",""equipment"":""Concrete Mixer"",""reference_distance_m"":15.24,""applicability"":""International FTA construction-equipment source-level reference; not an Indian legal limit"",""reference_distance_ft"":50}",True,,
N-05,Construction,NOISE,NOISE_CONCRETE_PUMP,Concrete Pump reference sound level,82,dB(A),FTA,FTA construction-noise reference; reference distance 15.24 m (50 ft),3.0,"{""status"":""PROXY"",""equipment"":""Concrete Pump"",""reference_distance_m"":15.24,""applicability"":""International FTA construction-equipment source-level reference; not an Indian legal limit"",""reference_distance_ft"":50}",True,,
N-06,Construction,NOISE,NOISE_CRANE___DERRICK,Crane - Derrick reference sound level,88,dB(A),FTA,FTA construction-noise reference; reference distance 15.24 m (50 ft),3.0,"{""status"":""PROXY"",""equipment"":""Crane - Derrick"",""reference_distance_m"":15.24,""applicability"":""International FTA construction-equipment source-level reference; not an Indian legal limit"",""reference_distance_ft"":50}",True,,
N-07,Construction,NOISE,NOISE_CRANE___MOBILE,Crane - Mobile reference sound level,83,dB(A),FTA,FTA construction-noise reference; reference distance 15.24 m (50 ft),3.0,"{""status"":""PROXY"",""equipment"":""Crane - Mobile"",""reference_distance_m"":15.24,""applicability"":""International FTA construction-equipment source-level reference; not an Indian legal limit"",""reference_distance_ft"":50}",True,,
N-08,Construction,NOISE,NOISE_DOZER,Dozer reference sound level,85,dB(A),FTA,FTA construction-noise reference; reference distance 15.24 m (50 ft),3.0,"{""status"":""PROXY"",""equipment"":""Dozer"",""reference_distance_m"":15.24,""applicability"":""International FTA construction-equipment source-level reference; not an Indian legal limit"",""reference_distance_ft"":50}",True,,
N-09,Construction,NOISE,NOISE_GENERATOR,Generator reference sound level,82,dB(A),FTA,FTA construction-noise reference; reference distance 15.24 m (50 ft),3.0,"{""status"":""PROXY"",""equipment"":""Generator"",""reference_distance_m"":15.24,""applicability"":""International FTA construction-equipment source-level reference; not an Indian legal limit"",""reference_distance_ft"":50}",True,,
N-10,Construction,NOISE,NOISE_GRADER,Grader reference sound level,85,dB(A),FTA,FTA construction-noise reference; reference distance 15.24 m (50 ft),3.0,"{""status"":""PROXY"",""equipment"":""Grader"",""reference_distance_m"":15.24,""applicability"":""International FTA construction-equipment source-level reference; not an Indian legal limit"",""reference_distance_ft"":50}",True,,
N-11,Construction,NOISE,NOISE_JACK_HAMMER,Jack Hammer reference sound level,88,dB(A),FTA,FTA construction-noise reference; reference distance 15.24 m (50 ft),3.0,"{""status"":""PROXY"",""equipment"":""Jack Hammer"",""reference_distance_m"":15.24,""applicability"":""International FTA construction-equipment source-level reference; not an Indian legal limit"",""reference_distance_ft"":50}",True,,
N-12,Construction,NOISE,NOISE_LOADER,Loader reference sound level,80,dB(A),FTA,FTA construction-noise reference; reference distance 15.24 m (50 ft),3.0,"{""status"":""PROXY"",""equipment"":""Loader"",""reference_distance_m"":15.24,""applicability"":""International FTA construction-equipment source-level reference; not an Indian legal limit"",""reference_distance_ft"":50}",True,,
N-13,Construction,NOISE,NOISE_PAVER,Paver reference sound level,85,dB(A),FTA,FTA construction-noise reference; reference distance 15.24 m (50 ft),3.0,"{""status"":""PROXY"",""equipment"":""Paver"",""reference_distance_m"":15.24,""applicability"":""International FTA construction-equipment source-level reference; not an Indian legal limit"",""reference_distance_ft"":50}",True,,
N-14,Construction,NOISE,NOISE_PILE_DRIVER_IMPACT,Pile-driver (Impact) reference sound level,101,dB(A),FTA,FTA construction-noise reference; reference distance 15.24 m (50 ft),3.0,"{""status"":""PROXY"",""equipment"":""Pile-driver (Impact)"",""reference_distance_m"":15.24,""applicability"":""International FTA construction-equipment source-level reference; not an Indian legal limit"",""reference_distance_ft"":50}",True,,
N-15,Construction,NOISE,NOISE_PILE_DRIVER_SONIC,Pile-driver (Sonic) reference sound level,95,dB(A),FTA,FTA construction-noise reference; reference distance 15.24 m (50 ft),3.0,"{""status"":""PROXY"",""equipment"":""Pile-driver (Sonic)"",""reference_distance_m"":15.24,""applicability"":""International FTA construction-equipment source-level reference; not an Indian legal limit"",""reference_distance_ft"":50}",True,,
N-16,Construction,NOISE,NOISE_ROCK_DRILL,Rock Drill reference sound level,95,dB(A),FTA,FTA construction-noise reference; reference distance 15.24 m (50 ft),3.0,"{""status"":""PROXY"",""equipment"":""Rock Drill"",""reference_distance_m"":15.24,""applicability"":""International FTA construction-equipment source-level reference; not an Indian legal limit"",""reference_distance_ft"":50}",True,,
N-17,Construction,NOISE,NOISE_ROLLER,Roller reference sound level,85,dB(A),FTA,FTA construction-noise reference; reference distance 15.24 m (50 ft),3.0,"{""status"":""PROXY"",""equipment"":""Roller"",""reference_distance_m"":15.24,""applicability"":""International FTA construction-equipment source-level reference; not an Indian legal limit"",""reference_distance_ft"":50}",True,,
N-18,Construction,NOISE,NOISE_TRUCK,Truck reference sound level,84,dB(A),FTA,FTA construction-noise reference; reference distance 15.24 m (50 ft),3.0,"{""status"":""PROXY"",""equipment"":""Truck"",""reference_distance_m"":15.24,""applicability"":""International FTA construction-equipment source-level reference; not an Indian legal limit"",""reference_distance_ft"":50}",True,,
N-19,Construction,NOISE,NOISE_BALLAST_EQUALIZER,Ballast Equalizer reference sound level,82,dB(A),FTA,FTA construction-noise reference; reference distance 15.24 m (50 ft),3.0,"{""status"":""PROXY"",""equipment"":""Ballast Equalizer"",""reference_distance_m"":15.24,""applicability"":""International FTA construction-equipment source-level reference; not an Indian legal limit"",""reference_distance_ft"":50}",True,,
N-20,Construction,NOISE,NOISE_BALLAST_TAMPER,Ballast Tamper reference sound level,83,dB(A),FTA,FTA construction-noise reference; reference distance 15.24 m (50 ft),3.0,"{""status"":""PROXY"",""equipment"":""Ballast Tamper"",""reference_distance_m"":15.24,""applicability"":""International FTA construction-equipment source-level reference; not an Indian legal limit"",""reference_distance_ft"":50}",True,,
N-21,Construction,NOISE,NOISE_CONCRETE_VIBRATOR,Concrete Vibrator reference sound level,76,dB(A),FTA,FTA construction-noise reference; reference distance 15.24 m (50 ft),3.0,"{""status"":""PROXY"",""equipment"":""Concrete Vibrator"",""reference_distance_m"":15.24,""applicability"":""International FTA construction-equipment source-level reference; not an Indian legal limit"",""reference_distance_ft"":50}",True,,
N-22,Construction,NOISE,NOISE_IMPACT_WRENCH,Impact Wrench reference sound level,85,dB(A),FTA,FTA construction-noise reference; reference distance 15.24 m (50 ft),3.0,"{""status"":""PROXY"",""equipment"":""Impact Wrench"",""reference_distance_m"":15.24,""applicability"":""International FTA construction-equipment source-level reference; not an Indian legal limit"",""reference_distance_ft"":50}",True,,
N-23,Construction,NOISE,NOISE_PNEUMATIC_TOOL,Pneumatic Tool reference sound level,85,dB(A),FTA,FTA construction-noise reference; reference distance 15.24 m (50 ft),3.0,"{""status"":""PROXY"",""equipment"":""Pneumatic Tool"",""reference_distance_m"":15.24,""applicability"":""International FTA construction-equipment source-level reference; not an Indian legal limit"",""reference_distance_ft"":50}",True,,
N-24,Construction,NOISE,NOISE_PUMP,Pump reference sound level,77,dB(A),FTA,FTA construction-noise reference; reference distance 15.24 m (50 ft),3.0,"{""status"":""PROXY"",""equipment"":""Pump"",""reference_distance_m"":15.24,""applicability"":""International FTA construction-equipment source-level reference; not an Indian legal limit"",""reference_distance_ft"":50}",True,,
N-25,Construction,NOISE,NOISE_RAIL_SAW,Rail Saw reference sound level,90,dB(A),FTA,FTA construction-noise reference; reference distance 15.24 m (50 ft),3.0,"{""status"":""PROXY"",""equipment"":""Rail Saw"",""reference_distance_m"":15.24,""applicability"":""International FTA construction-equipment source-level reference; not an Indian legal limit"",""reference_distance_ft"":50}",True,,
N-26,Construction,NOISE,NOISE_SAW,Saw reference sound level,76,dB(A),FTA,FTA construction-noise reference; reference distance 15.24 m (50 ft),3.0,"{""status"":""PROXY"",""equipment"":""Saw"",""reference_distance_m"":15.24,""applicability"":""International FTA construction-equipment source-level reference; not an Indian legal limit"",""reference_distance_ft"":50}",True,,
N-27,Construction,NOISE,NOISE_SCARIFIER,Scarifier reference sound level,83,dB(A),FTA,FTA construction-noise reference; reference distance 15.24 m (50 ft),3.0,"{""status"":""PROXY"",""equipment"":""Scarifier"",""reference_distance_m"":15.24,""applicability"":""International FTA construction-equipment source-level reference; not an Indian legal limit"",""reference_distance_ft"":50}",True,,
N-28,Construction,NOISE,NOISE_SCRAPER,Scraper reference sound level,85,dB(A),FTA,FTA construction-noise reference; reference distance 15.24 m (50 ft),3.0,"{""status"":""PROXY"",""equipment"":""Scraper"",""reference_distance_m"":15.24,""applicability"":""International FTA construction-equipment source-level reference; not an Indian legal limit"",""reference_distance_ft"":50}",True,,
N-29,Construction,NOISE,NOISE_SHOVEL,Shovel reference sound level,82,dB(A),FTA,FTA construction-noise reference; reference distance 15.24 m (50 ft),3.0,"{""status"":""PROXY"",""equipment"":""Shovel"",""reference_distance_m"":15.24,""applicability"":""International FTA construction-equipment source-level reference; not an Indian legal limit"",""reference_distance_ft"":50}",True,,
N-30,Construction,NOISE,NOISE_SPIKE_DRIVER,Spike Driver reference sound level,77,dB(A),FTA,FTA construction-noise reference; reference distance 15.24 m (50 ft),3.0,"{""status"":""PROXY"",""equipment"":""Spike Driver"",""reference_distance_m"":15.24,""applicability"":""International FTA construction-equipment source-level reference; not an Indian legal limit"",""reference_distance_ft"":50}",True,,
N-31,Construction,NOISE,NOISE_TIE_CUTTER,Tie Cutter reference sound level,84,dB(A),FTA,FTA construction-noise reference; reference distance 15.24 m (50 ft),3.0,"{""status"":""PROXY"",""equipment"":""Tie Cutter"",""reference_distance_m"":15.24,""applicability"":""International FTA construction-equipment source-level reference; not an Indian legal limit"",""reference_distance_ft"":50}",True,,
N-32,Construction,NOISE,NOISE_TIE_HANDLER,Tie Handler reference sound level,80,dB(A),FTA,FTA construction-noise reference; reference distance 15.24 m (50 ft),3.0,"{""status"":""PROXY"",""equipment"":""Tie Handler"",""reference_distance_m"":15.24,""applicability"":""International FTA construction-equipment source-level reference; not an Indian legal limit"",""reference_distance_ft"":50}",True,,
N-33,Construction,NOISE,NOISE_TIE_INSERTER,Tie Inserter reference sound level,85,dB(A),FTA,FTA construction-noise reference; reference distance 15.24 m (50 ft),3.0,"{""status"":""PROXY"",""equipment"":""Tie Inserter"",""reference_distance_m"":15.24,""applicability"":""International FTA construction-equipment source-level reference; not an Indian legal limit"",""reference_distance_ft"":50}",True,,
